sample_id	bed_lines	ref_lines	rs_lines	rs_bytes	rs_wall_s	rs_peak_rss_kb
s0000	144173	144995	144173	51876520	28.76	163072
s0001	147489	148456	147489	53076274	26.47	175680
s0002	112899	113482	112899	40612559	14.96	165944
s0003	100767	101209	100767	36215050	28.62	168544
s0004	55949	56188	55949	20060151	19.5	128036
s0005	111486	112064	111486	40087572	26.31	154916
s0006	81922	82303	81922	29450277	21.15	138064
s0007	109916	110442	109916	39523652	27.68	162716
s0008	21819	21963	21819	7835848	11.61	122356
s0009	37756	38040	37756	13574837	19.79	144124
s0010	109903	110508	109903	39540473	26.05	167972
s0011	43877	44129	43877	15773720	19.73	140224
s0012	111288	111894	111288	40026035	17.76	156888
s0013	101833	102258	101833	36615969	25.45	161724
s0014	31187	31345	31187	11184346	14.81	112140
s0015	106486	106939	106486	38269810	14.65	159396
s0016	94708	95219	94708	33999335	19.97	142060
s0017	210652	212890	210652	76083478	26.6	185348
s0018	145152	145984	145152	52218090	26.28	163900
s0019	94385	94782	94385	33920504	22.7	155356
s0020	91547	92020	91547	32895565	13.17	137332
s0021	105102	105617	105102	37804367	31.22	156504
s0022	149318	150601	149318	53780422	18.12	151368
s0023	190784	192486	190784	68773439	28.13	174416
s0024	13332	13365	13332	4751794	5.59	86504
s0025	163838	165188	163838	59033918	24.75	169280
s0026	110912	111478	110912	39887984	27.81	169348
s0027	93740	94213	93740	33673002	13.85	145352
s0028	65146	65513	65146	23401048	24.92	139224
s0029	116373	116977	116373	41876763	27.82	172540
s0030	152456	153544	152456	54998707	22.75	153736
s0031	148653	149525	148653	53524494	30.04	194136
s0032	115502	116469	115502	41564925	20.23	159660
s0033	9741	9804	9741	3484946	11.44	143280
s0034	107176	107768	107176	38529520	25.92	165976
s0035	101921	102402	101921	36645337	23.47	160584
s0036	165173	166228	165173	59445828	27.72	183852
s0037	113246	113774	113246	40700981	32.47	164032
s0038	119517	120194	119517	42969583	15.53	149392
s0039	35927	36217	35927	12920101	17.38	148380
s0040	105470	105887	105470	37924329	18.29	155856
s0041	94923	95440	94923	34156961	25.73	160060
s0042	79773	80103	79773	28642077	25.07	142660
s0043	100033	100490	100033	35965134	23.09	156580
s0044	96032	96441	96032	34535194	15.66	159784
s0045	207586	209401	207586	74902202	28.51	170108
s0046	103825	104480	103825	37317984	22.21	150236
s0047	121222	121928	121222	43576721	28.14	159164
s0048	6454	6479	6454	2305703	5.34	73536
s0049	68622	68941	68622	24676768	20.96	124268
s0050	110554	111167	110554	39746098	24.95	159084
s0051	52020	52264	52020	18653504	21.23	150888
s0052	143985	144896	143985	51890948	17.27	147576
s0053	78510	78928	78510	28187142	18.05	129364
s0054	76383	76723	76383	27419836	27.37	146804
s0055	104693	105261	104693	37641562	24.54	159020
s0056	124159	124909	124159	44669372	24.48	167484
s0057	13374	13412	13374	4774165	10.79	79520
s0058	36971	37124	36971	13247470	10.97	126584
s0059	120615	121352	120615	43449500	19.19	139548
s0060	118021	118637	118021	42469306	28.59	167960
s0061	41542	41813	41542	14905847	14.87	117116
s0062	103960	104475	103960	37360517	61.45	162092
s0063	96923	80528	96923	34818980	22.84	155160
s0064	99974	100429	99974	35923560	23.33	142424
s0065	82800	83126	82800	29705099	23.21	135084
s0066	620926	648047	620926	227339193	89.48	585556
s0067	1351835	1419805	1351835	495639934	90.63	646468
s0068	1255185	1323139	1255185	460193066	158.43	899236
s0069	975934	1035905	975934	358266428	66.42	506456
s0070	614929	641426	614929	225193451	80.12	382644
s0071	618045	646481	618045	226583799	88.18	351972
s0072	394591	407233	394591	144324694	57.31	296516
s0073	405873	419856	405873	148495721	74.2	287328
s0074	623532	649755	623532	228265826	74.88	499704
s0075	1404380	1476217	1404380	514967027	98.25	671928
s0076	543323	564914	543323	198854816	59.21	414312
s0077	500303	521156	500303	183172478	67.17	475692
s0078	1371268	1522966	1371268	505080823	193.57	607624
s0079	568143	592852	568143	208013451	80.26	432156
s0080	462309	478731	462309	169266646	85.22	312080
s0081	470123	488806	470123	171977765	67.16	338916
s0082	570406	597585	570406	209183702	128.08	1041812
s0083	540716	567879	540716	198344295	103.47	1122852
s0084	631062	673042	631062	231685358	122.76	2890700
s0085	640606	676663	640606	235338664	137.21	1241400
s0086	696755	750216	696755	256475563	145.33	1407248
s0087	723775	771594	723775	266367070	349.19	1825488
s0088	799543	845565	799543	294153528	136.12	2009620
s0089	635511	666474	635511	233226192	114.52	463852
s0090	754513	785811	754513	276085376	86.33	375132
s0091	823625	865832	823625	301938597	87.93	439872
s0092	896457	951845	896457	328921298	69.49	501044
s0093	792506	837584	792506	290662796	217.03	494468
s0094	1063776	1127576	1063776	390369466	123.05	527944
s0095	965106	1043786	965106	354630531	134.99	599100
s0096	404795	419203	404795	148197957	73.55	423756
s0097	458754	473339	458754	167698485	74.47	363992
s0098	399297	412586	399297	146038445	67.18	310376
s0099	530177	551782	530177	194101522	76.87	360492
s0100	1004575	1071806	1004575	368952018	130.12	573176
s0101	617461	647922	617461	226436355	202.88	644764
s0102	1277049	1346067	1277049	468493568	156.05	660344
s0103	620365	649715	620365	227262676	85.8	425968
s0104	1008535	1050439	1008535	369205137	118.4	520840
s0105	1169508	1229141	1169508	428807676	125.94	567224
s0106	465008	478572	465008	169926518	80.29	296676
s0107	1009577	1078954	1009577	370786046	123.39	519188
s0108	546016	565501	546016	199858680	65.18	365644
s0109	327021	336136	327021	119481949	46.16	305464
s0110	1009709	1061460	1009709	369940348	102.13	489748
s0111	1011546	1091378	1011546	371745111	187.03	785012
s0112	449132	462426	449132	164209617	41.9	318800
s0113	477343	499498	477343	174735050	63.95	563848
s0114	1189361	1274549	1189361	437176836	144.9	557572
s0115	484958	501497	484958	177317705	51.07	388076
s0116	855066	892757	855066	312989543	101.56	439644
s0117	518400	538194	518400	189851185	86.25	552076
s0118	473991	490373	473991	173238019	68.75	543376
s0119	859024	904978	859024	314922577	109.64	405428
s0120	979383	1036518	979383	359388933	133.91	624136
s0121	665405	698515	665405	244199924	102.08	1999308
s0122	560844	587324	560844	205582164	76.65	611752
s0123	391219	406318	391219	143213425	60.79	299704
s0124	396866	409017	396866	145073259	47.64	275920
s0125	1333667	1444617	1333667	490760436	115.24	3128980
s0126	773665	821294	773665	284051855	140.19	924660
s0127	623021	646740	623021	228172434	77.92	355116
s0128	426038	440328	426038	155906611	69.48	356680
s0129	689847	723778	689847	252964837	100.21	378976
s0130	730068	767775	730068	267585443	103.39	1136092
s0131	761578	811220	761578	279963197	123.04	1301596
s0132	499008	515528	499008	182491179	70.2	353400
s0133	1057076	1107381	1057076	387175778	114.55	550748
s0134	551562	575762	551562	201990271	69.03	639384
s0135	1002283	1040097	1002283	366643764	89.54	534880
s0136	370315	384633	370315	135512397	71.04	336036
s0137	1362854	1432225	1362854	499799339	144.64	637100
s0138	668168	697419	668168	244904606	62.73	438968
s0139	772250	809789	772250	283394854	77.76	699996
s0140	921345	971878	921345	337924159	114.3	560444
s0141	899031	944497	899031	329352558	99.46	512864
s0142	630810	657040	630810	231166458	56.54	423432
s0143	617600	653941	617600	226965916	119.51	1458636
s0144	457179	473052	457179	167373226	68.01	324432
s0145	387243	354682	387243	141637724	63.28	604996
s0146	335587	344576	335587	122608041	52.42	287224
s0147	360155	370809	360155	131726972	35.64	292212
s0148	584071	609595	584071	214038225	90.56	368232
s0149	572383	596352	572383	209643091	79.11	415100
s0150	1239525	1304373	1239525	454530079	143.07	630404
s0151	584258	608965	584258	213937252	66.36	457524
s0152	683919	727228	683919	251426413	156.84	1707288
s0153	687630	719698	687630	252262076	111.51	1627036
s0154	591881	617595	591881	216648750	71.98	381972
s0155	614464	638009	614464	225216428	108.41	1842348
s0156	631614	666755	631614	231847104	172.76	1147648
s0157	621423	654893	621423	228168285	106.19	1738512
s0158	692447	728965	692447	254177623	128.87	2301960
s0159	752550	784991	752550	275977269	107.93	2184732
s0160	847077	907121	847077	311338054	94.08	584284
s0161	1158602	1223814	1158602	425378537	105.89	2543600
s0162	856829	906736	856829	314381001	179.55	4330992
s0163	484113	504085	484113	177536764	90.42	544436
s0164	578823	606243	578823	212279736	80.87	569788
s0165	660816	713533	660816	243219644	122.53	1399008
s0166	601006	627864	601006	220229490	78.64	521408
s0167	698681	731880	698681	256280224	142.59	4243528
s0168	900259	943325	900259	329693257	144.45	1583520
s0169	1033934	1090808	1033934	379347509	129.04	1456928
s0170	691809	651934	691809	254416294	125.21	823700
s0171	1058349	1119016	1058349	388398022	176.93	2601300
s0172	1236831	1316288	1236831	453828485	191.02	2893980
s0173	357511	371053	357511	130931322	84.75	575112
s0174	1035293	1092775	1035293	379781772	100.86	1791464
s0175	833749	863939	833749	305004843	90.88	2543940
s0176	596749	624401	596749	218702360	57.37	1037316
s0177	530680	557787	530680	194782832	83.82	587096
s0178	373875	385925	373875	136762448	66.35	311472
s0179	340683	350040	340683	124573814	52.78	337472
s0180	1050974	1116916	1050974	385449368	85.83	1847824
s0181	546883	568911	546883	200095458	69.08	439864
s0182	496966	518677	496966	182299299	86.61	620588
s0183	430623	295082	430623	157868693	341.89	570616
s0184	522991	540523	522991	191357120	85.39	465452
s0185	1209612	1274438	1209612	443560039	129.91	794288
s0186	1036337	1089902	1036337	379891407	132.37	562208
s0187	403753	417689	403753	147858201	73.41	512116
s0188	869073	924344	869073	318831607	104.23	525968
s0189	956483	996987	956483	350262988	134.56	2822568
s0190	386263	398715	386263	141369148	56.41	394900
s0191	960544	1024689	960544	352700990	154.66	2059036
s0192	701188	746271	701188	258051856	119.86	2414924
s0193	607299	630955	607299	222292202	74.86	457352
s0194	644396	678367	644396	236709661	114.93	2369120
s0195	667668	703581	667668	244930883	116.28	1670248
s0196	743241	792516	743241	273125455	135.7	1126944
s0197	885439	933605	885439	324829488	184.39	1019900
s0198	1082980	1148561	1082980	397234098	131.53	2723652
s0199	1229822	1323706	1229822	451996310	234.78	2471748
s0200	717572	762237	717572	264074372	179.33	1830468
s0201	713861	754287	713861	262582894	86.84	1925860
s0202	810319	867263	810319	297211389	146.05	2238476
s0203	1114040	1185898	1114040	408874280	152.68	2413556
s0204	1099925	1164117	1099925	403364180	180.19	3124768
s0205	1653787	1763509	1653787	608181648	230.8	6567916
s0206	685683	720843	685683	251944975	152.9	1493556
s0207	987772	1035608	987772	362182163	126.87	2804848
s0208	390722	405407	390722	143215659	88.78	346088
s0209	627525	664370	627525	230566173	57.13	519360
s0210	534444	554172	534444	196031650	131.1	1285632
s0211	492805	511798	492805	180447372	60.56	422456
s0212	442510	457612	442510	162035355	78.94	457448
s0213	969632	1012750	969632	355098833	105.72	641272
s0214	458246	477297	458246	167926465	82.75	633944
s0215	489602	514643	489602	179738996	102.67	614652
s0216	569113	596891	569113	208373542	200.37	816608
s0217	357582	367382	357582	130716510	53.13	497992
s0218	107773	108313	107773	38753092	25.75	162960
s0219	501339	519793	501339	183521107	68.2	404856
s0220	734455	782208	734455	269622833	117.57	2320260
s0221	778532	826437	778532	285852263	188.7	1640748
s0222	593278	615425	593278	217688714	126.7	1354860
s0223	601014	623384	601014	220481508	137.95	1747592
s0224	646391	675154	646391	236669738	86.77	1299428
s0225	654469	685315	654469	239688794	174.04	475020
s0226	911584	958568	911584	335332385	165.89	2650656
s0227	612554	644483	612554	224604580	147.23	1580764
s0228	648852	679875	648852	238032963	120.47	402376
s0229	764550	810326	764550	280668857	151.16	1433604
s0230	346515	359243	346515	127007299	79.61	296684
s0231	505201	529741	505201	185415128	168.38	593652
s0232	91962	92357	91962	33057725	22.99	156052
s0233	821263	865993	821263	301577093	150.95	1282992
s0234	388373	406282	388373	142435555	136.87	903436
s0235	1457956	1595300	1457956	535182561	118.27	2145088
s0236	990444	1054877	990444	364055553	211.88	1352892
s0237	679293	712495	679293	248955416	109.91	853028
s0238	557360	583457	557360	204238461	86.11	1104784
s0239	499805	516096	499805	183139990	108.37	1400656
s0240	613537	624029	613537	225373977	135.2	2325516
s0241	399663	416080	399663	146341964	69.89	456424
s0242	654352	690929	654352	240204575	127.73	1402400
s0243	595441	620810	595441	218446639	138.73	2000652
s0244	691107	721489	691107	253268948	207.79	418688
s0245	979954	1050689	979954	360617531	156.64	2315100
s0246	924664	984713	924664	339494640	88.42	2111088
s0247	334961	345692	334961	122537477	53.57	312280
s0248	357548	372444	357548	130889575	66.74	596616
s0249	377764	390062	377764	138294671	70.23	362924
s0250	589056	617720	589056	215995101	153.9	986664
s0251	352850	365899	352850	129330529	65.42	442836
s0252	567795	593364	567795	208126157	90.08	357568
s0253	580064	607750	580064	212623423	84.88	450344
s0254	804446	840314	804446	294156580	86.49	1554408
s0255	407177	420177	407177	148991621	70.42	365176
s0256	430554	448469	430554	157827542	79.43	603260
s0257	99513	99973	99513	35768880	26.56	155284
s0258	105662	106309	105662	37998784	17.87	160204
s0259	589654	614484	589654	216498623	216.22	2557616
s0260	996745	1045998	996745	365137557	149.54	562320
s0261	537320	555936	537320	196625441	83.35	406564
s0262	570347	592631	570347	209135551	114.0	3603948
s0263	446199	462496	446199	163342611	77.74	377800
s0264	673721	705173	673721	246965810	124.28	1228772
s0265	805037	847539	805037	295342588	116.46	1152912
s0266	827550	875057	827550	303573245	95.06	475500
s0267	881866	934342	881866	324458352	177.46	3139296
s0268	69241	69534	69241	24823005	26.45	132084
s0269	670050	706789	670050	245905659	110.76	1456984
s0270	106220	106852	106220	38208736	16.42	150772
s0271	1008405	1066322	1008405	369995381	96.53	1909060
s0272	1141435	1198449	1141435	418576541	151.06	2552716
s0273	1322376	1398096	1322376	485093331	183.0	2023756
s0274	254590	260887	254590	92805051	36.45	209528
s0275	638509	669212	638509	234523767	129.44	1261832
s0276	783994	825718	783994	288167009	340.0	2477472
s0277	605154	627105	605154	221803308	230.3	1690640
s0278	764833	808437	764833	281307899	152.93	3910508
s0279	354476	363708	354476	129541391	38.35	277836
s0280	705118	741330	705118	259144447	96.69	2160656
s0281	1210225	1285006	1210225	444262383	135.27	1107072
s0282	1032842	1085810	1032842	378329613	115.99	1248420
s0283	859100	904212	859100	314633790	113.56	980480
s0284	1065209	1125996	1065209	390572102	128.54	1248764
s0285	896806	943385	896806	328326330	107.18	1428484
s0286	535530	556373	535530	196002006	97.62	1326224
s0287	508718	531962	508718	186490848	56.05	1099408
s0288	774807	822374	774807	284405989	155.33	1362956
s0289	711583	747165	711583	260841802	103.65	1408104
s0290	932065	987697	932065	342939652	189.24	3435216
s0291	622127	657581	622127	228280010	146.43	2170256
s0292	668183	704372	668183	245149135	104.63	1362620
s0293	568054	593142	568054	208217186	136.71	4384684
s0294	670754	705868	670754	246124230	116.29	1965608
s0295	737101	775646	737101	270693870	167.87	2132072
s0296	767996	808354	767996	281708939	114.24	1214488
s0297	657976	680358	657976	240551113	78.85	678444
s0298	852081	897712	852081	312539554	106.41	753196
s0299	678306	716080	678306	248800178	181.51	2205388
s0300	850343	884333	850343	311123253	139.09	1523124
s0301	674587	707997	674587	247315683	171.89	1231064
s0302	1252523	1319113	1252523	459638894	96.66	2305664
s0303	379817	390793	379817	138837605	40.99	371620
s0304	802665	855867	802665	294916378	137.22	2414524
s0305	479515	495305	479515	175970374	140.54	3035692
s0306	763849	816547	763849	280803439	97.39	2216968
s0307	660119	691002	660119	241876199	110.52	2547404
s0308	1244738	1316959	1244738	456760713	118.26	1157192
s0309	1029893	1081250	1029893	377248671	111.77	1270224
s0310	690814	731006	690814	253537947	108.47	1599848
s0311	808104	858045	808104	296665933	112.6	1788836
s0312	770431	818217	770431	282954623	113.16	1639784
s0313	509473	528071	509473	186703953	84.4	3605660
s0314	464095	479886	464095	170075810	105.28	1885996
s0315	502227	522349	502227	184234411	127.86	3316056
s0316	862281	916017	862281	317263053	221.28	2844640
s0317	687453	719388	687453	252208936	150.25	2291856
s0318	696693	731424	696693	255654487	102.84	1845784
s0319	939188	996143	939188	345597334	171.69	2603112
s0320	1073507	1167631	1073507	395651878	182.49	1375356
s0321	759628	796953	759628	278320382	100.5	484464
s0322	800854	846227	800854	294439834	171.31	2690148
s0323	775015	816556	775015	284726908	85.48	3189500
s0324	761751	805027	761751	279799571	171.34	7033828
s0325	859351	899325	859351	315392063	143.95	3284620
s0326	770494	814749	770494	283106476	179.44	2605068
s0327	661050	691808	661050	242491033	114.66	3732124
s0328	479602	495366	479602	175411479	63.13	336252
s0329	866254	889391	866254	317878430	93.74	519836
s0330	723513	758929	723513	265612999	92.0	2434940
s0331	716006	747170	716006	262196155	144.9	1249304
s0332	827610	880979	827610	303833727	349.12	1562176
s0333	1379269	1460821	1379269	506668956	208.86	2277044
s0334	1326187	1398156	1326187	486690611	202.51	1858956
s0335	317705	326105	317705	116086628	32.77	292268
s0336	1197964	1250181	1197964	439249599	137.52	2092484
s0337	550490	568238	550490	201769835	112.61	2058636
s0338	1295871	1382972	1295871	476250071	212.25	1824760
s0339	501855	520061	501855	183546480	60.19	311484
s0340	609074	638593	609074	223346009	61.72	3750528
s0341	502330	520682	502330	183814858	122.84	3913936
s0342	479315	502558	479315	176028717	103.75	1306076
s0343	661188	688295	661188	242572524	97.54	1761316
s0344	711443	752152	711443	261717805	73.46	1302920
s0345	666272	700727	666272	244831982	117.38	1397136
s0346	895577	958553	895577	330356006	126.19	2120472
s0347	643677	673691	643677	236085248	66.74	2715540
s0348	1262363	1416589	1262363	463536567	159.38	1774324
s0349	688632	725396	688632	252682686	131.27	1306696
s0350	462148	477104	462148	169559517	123.81	1516600
s0351	976146	1041469	976146	358533081	113.54	498724
s0352	1301529	1410719	1301529	479444815	191.64	1398372
s0353	744545	783012	744545	273477899	120.51	1903112
s0354	694402	734811	694402	255098076	139.37	3342616
s0355	727955	763671	727955	267231407	136.74	2560328
s0356	730152	779547	730152	268181574	156.95	2645004
s0357	651734	683082	651734	238994685	333.65	1808220
s0358	782748	826003	782748	287666496	144.34	2862116
s0359	456627	475357	456627	167291699	105.45	1804624
s0360	483453	501432	483453	177179466	95.41	1546944
s0361	1530280	1650731	1530280	563084202	218.21	2020228
s0362	1235734	1314323	1235734	453522167	196.75	2590012
s0363	1501650	1614864	1501650	552285837	198.11	2467340
s0364	1259638	1346180	1259638	462387521	157.08	2165912
s0365	1378599	497673	1378599	507001635	558.79	2596968
s0366	2039522	2221460	2039522	751814761	175.67	4276960
s0367	1436296	1542952	1436296	528090342	190.64	2683196
s0368	1266088	1355309	1266088	465126731	101.18	2523828
s0369	460693	482165	460693	168976652	237.15	788948
s0370	563189	590999	563189	206864745	176.92	969156
s0371	347618	362258	347618	127286346	126.25	1050884
s0372	731748	770752	731748	268916083	162.13	1978220
s0373	531750	558119	531750	195263953	114.93	324892
s0374	1386751	1504205	1386751	509942045	163.95	3531876
s0375	1081357	1156438	1081357	396644656	213.7	3085104
s0376	996135	1053305	996135	365451508	193.26	2208992
s0377	529264	547394	529264	193645468	78.87	352840
s0378	465131	479022	465131	170047814	62.37	454480
s0379	909730	964327	909730	333819459	199.32	1952640
s0380	883535	935831	883535	324183592	123.34	2817416
s0381	942712	997048	942712	345830868	237.85	3056704
s0382	749164	788258	749164	274399272	184.2	3914220
s0383	529112	549890	529112	193925277	123.19	1466152
s0384	498965	526868	498965	183309425	90.78	678268
s0385	680192	721205	680192	249824383	115.76	666812
s0386	696293	737074	696293	256173448	203.86	1694284
s0387	661687	698061	661687	243237763	186.07	1272072
s0388	1408621	1520027	1408621	518107894	355.59	2444956
s0389	2158975	2354005	2158975	796112026	494.76	4190248
s0390	415720	428298	415720	152103514	95.15	1102784
s0391	426899	445110	426899	156349855	191.93	771372
s0392	345308	353945	345308	126144429	64.4	247416
s0393	781449	828992	781449	287352298	141.48	2213648
s0394	619249	649867	619249	227168149	177.22	6046204
s0395	715720	760127	715720	263231234	143.09	2196036
s0396	707182	741459	707182	258779409	99.42	1987576
s0397	664993	700672	664993	244020185	260.76	7298852
s0398	720612	768783	720612	264607537	201.21	5207856
s0399	657113	688481	657113	241014031	186.86	5122720
s0400	476068	493062	476068	174151309	177.61	6445616
s0401	588090	618848	588090	215768020	162.6	5660252
s0402	1100538	1171431	1100538	403944751	134.74	1054392
s0403	1391782	1493810	1391782	511734132	285.22	2125128
s0404	1247073	1330883	1247073	458160009	276.07	1870840
s0405	561792	586809	561792	206041257	60.14	355556
s0406	621682	653645	621682	227878828	58.41	2500932
s0407	694518	731936	694518	254904895	128.06	2198828
s0408	851447	901427	851447	313335969	202.29	1744700
s0409	1075193	1140488	1075193	394614885	294.16	3114212
s0410	546537	569161	546537	200239280	87.8	405688
s0411	1025105	1088707	1025105	376350540	243.89	2495820
s0412	700486	745458	700486	257205966	192.39	2823336
s0413	647583	688414	647583	237557064	121.43	3042000
s0414	783050	840988	783050	287996687	147.35	2313936
s0415	773617	824407	773617	284134182	166.35	2786748
s0416	796883	854884	796883	293079464	335.5	11035224
s0417	795167	846526	795167	292161618	263.96	11591712
s0418	525753	549106	525753	192864282	128.26	864496
s0419	651483	689748	651483	239713323	136.43	823468
s0420	748843	798571	748843	275270626	167.09	1091484
s0421	526997	554770	526997	193670284	58.69	724672
s0422	733900	772904	733900	269641171	182.7	1710608
s0423	600759	628391	600759	220293240	132.43	1721256
s0424	717660	762565	717660	264149706	165.7	1313628
s0425	584611	611866	584611	213865374	188.34	7673720
s0426	643959	669866	643959	236138060	56.45	2506936
s0427	727408	770941	727408	267710728	127.84	2114136
s0428	818476	869921	818476	301347616	164.42	1714480
s0429	848778	869101	848778	312352557	212.68	2639212
s0430	864330	919710	864330	317304751	135.44	3145752
s0431	912972	970178	912972	335106133	146.94	3079720
s0432	634522	676833	634522	232803606	125.82	3965592
s0433	680996	723462	680996	249928587	75.59	3201976
s0434	676101	719546	676101	248024279	199.22	3322312
s0435	573907	600597	573907	210431720	141.77	2399872
s0436	418417	436501	418417	153470872	71.89	1418744
s0437	462333	482517	462333	169570685	75.49	583756
s0438	503916	525613	503916	184848729	138.02	843324
s0439	1289222	1279811	1289222	473338396	208.3	2906292
s0440	487191	509311	487191	178727279	114.52	765016
s0441	492865	510892	492865	180279158	153.18	375336
s0442	446165	465206	446165	163609387	51.76	588056
s0443	726288	765370	726288	266704371	238.89	2392456
s0444	558207	581014	558207	204966246	169.87	1642540
s0445	548341	503901	548341	201019135	70.95	1207072
s0446	778258	814532	778258	284814590	169.04	5500812
s0447	910774	965137	910774	334065831	197.48	3596352
s0448	523201	550180	523201	192131694	157.1	3737452
s0449	660675	696830	660675	242783744	135.97	2032720
s0450	608428	642264	608428	222938651	103.93	3478708
s0451	636270	666906	636270	233647401	129.88	1039232
s0452	720909	764737	720909	264834628	123.26	1223200
s0453	643345	676133	643345	236444220	83.08	1729216
s0454	1308414	1406989	1308414	481098714	225.37	2350268
s0455	410670	426652	410670	150474667	241.39	659008
s0456	852913	906788	852913	314215080	167.12	1959728
s0457	726389	768190	726389	267217024	318.66	1462616
s0458	761574	809422	761574	280375393	142.32	1875876
s0459	797855	844663	797855	293719234	101.59	1970636
s0460	801133	838201	801133	294359084	152.51	2674468
s0461	412592	426608	412592	151212784	110.64	3451564
s0462	775862	828034	775862	285791369	159.5	2257664
s0463	661045	695977	661045	242889859	75.56	2541336
s0464	726953	771751	726953	267519530	108.82	1425572
s0465	763743	810344	763743	280671014	164.38	1518260
s0466	549920	572567	549920	201366574	79.74	2063956
s0467	468742	488736	468742	171656786	44.64	1074348
s0468	1103904	1186776	1103904	406938402	532.53	2162888
s0469	553660	575170	553660	202704320	98.77	1363336
s0470	547318	570309	547318	200381922	86.5	897108
s0471	526957	542799	526957	193453472	138.24	1448392
s0472	535959	555988	535959	196906539	140.35	2714728
s0473	584194	606405	584194	214213910	104.14	2716800
s0474	515409	535084	515409	188849847	111.39	1982420
s0475	518998	540663	518998	190360741	67.47	2240232
s0476	1230414	1310741	1230414	451754332	207.92	2266112
s0477	740430	781068	740430	272022516	153.67	2304176
s0478	1810534	1970538	1810534	667168672	417.32	3032516
s0479	678696	715431	678696	249179152	108.69	2927552
s0480	1081080	1154237	1081080	396741924	492.11	2004644
s0481	1125893	1203317	1125893	413374430	213.14	2316584
s0482	535881	561611	535881	196689438	313.4	974752
s0483	1060323	1134577	1060323	389290302	148.81	1495612
s0484	574401	594708	574401	211030974	95.37	1864236
s0485	822177	858348	822177	301085002	88.12	1408808
s0486	857260	899141	857260	314246257	212.89	2007640
s0487	646294	676312	646294	237364830	154.67	2285928
s0488	649544	691030	649544	238634128	152.61	1821900
s0489	645811	684495	645811	237321675	127.96	1610432
s0490	1144971	1226369	1144971	422079201	283.68	2311652
s0491	841952	904928	841952	309901008	162.41	2654744
s0492	694538	738789	694538	255162221	65.32	1403820
s0493	577050	600479	577050	211775029	141.22	1319340
s0494	574260	599335	574260	211369541	194.49	1980580
s0495	477448	494073	477448	175321611	104.57	1423824
s0496	490441	503033	490441	179696617	94.8	2446144
s0497	520385	540610	520385	191267943	501.92	1826188
s0498	672019	710912	672019	247153134	148.25	1485100
s0499	591084	623257	591084	217068905	123.53	1532776
s0500	831011	882953	831011	306087708	147.98	2174764
s0501	627484	659131	627484	230519728	248.7	1131448
s0502	616282	653089	616282	226603096	148.65	1729288
s0503	505029	521201	505029	185346069	116.35	1520340
s0504	644340	674920	644340	236778535	155.61	3112160
s0505	1060709	1138115	1060709	391284034	231.08	3283436
s0506	705268	746599	705268	259118991	197.62	1460448
s0507	687237	720516	687237	252385615	125.95	1818744
s0508	672573	707880	672573	246864407	271.49	1633016
s0509	685778	720976	685778	251500981	99.39	1235168
s0510	443396	459680	443396	162789524	127.57	1390744
s0511	564892	587481	564892	207765147	179.9	1837132
s0512	531264	556854	531264	194603774	97.53	1292828
s0513	502289	520865	502289	184527736	126.4	1282320
s0514	521925	541303	521925	191790195	145.06	1446104
s0515	521852	538487	521852	191507724	112.52	1761480
s0516	419256	432843	419256	153883822	112.03	1400440
s0517	731633	778991	731633	268851099	134.81	1709084
s0518	468183	483167	468183	171546956	102.47	2019676
s0519	445244	468731	445244	163327049	61.68	816964
s0520	1196763	1340869	1196763	440736823	341.44	560940
s0521	89195	80199	89195	32066074	25.94	142496
s0522	1339176	1494298	1339176	493579037	182.36	720744
s0523	1461746	1625710	1461746	538843906	212.7	631416
s0524	1365884	1520040	1365884	503483237	222.49	646672
s0525	84610	85027	84610	30411681	53.05	146996
s0526	1005569	1117723	1005569	369850122	130.73	484208
s0527	1121506	1247760	1121506	412863737	124.89	538896
s0528	107626	108119	107626	38662465	31.8	165848
s0529	99419	99838	99419	35724425	25.78	162312
s0530	118618	119276	118618	42679135	19.37	156784
s0531	48778	48952	48778	17497670	19.42	122840
s0532	49651	49868	49651	17843950	14.8	131260
s0533	145600	146562	145600	52309002	24.33	165976
s0534	608822	652177	608822	223128769	81.14	387732
s0535	872451	940781	872451	320266920	116.24	419456
s0536	776385	847706	776385	285292070	130.99	427452
s0537	679863	734773	679863	249366658	102.09	364852
s0538	646039	700502	646039	237111478	164.56	372376
s0539	994415	1087424	994415	365274673	133.66	487956
s0540	705312	759357	705312	258736074	126.76	421828
s0541	530804	575689	530804	194728643	85.75	345804
s0542	680587	728665	680587	249476007	236.99	400628
s0543	722567	781766	722567	265401693	117.61	471800
s0544	678267	724123	678267	248474487	94.93	409280
s0545	628675	677114	628675	230513474	90.2	367464
s0546	656011	705995	656011	240543520	108.48	364680
s0547	845743	921372	845743	310879361	151.33	441288
s0548	625632	671193	625632	229390053	85.81	393304
s0549	714733	761981	714733	261958937	54.71	434216
s0550	713826	770126	713826	261918786	99.63	453484
s0551	507925	547131	507925	186019644	49.76	364292
s0552	724390	780697	724390	265832485	74.19	424920
s0553	657879	702912	657879	241253050	99.24	345376
s0554	912848	1000538	912848	335790989	163.7	526912
s0555	680224	730884	680224	249493224	124.99	407628
s0556	691749	745725	691749	253872819	103.03	391664
s0557	129667	130395	129667	46659388	22.85	163660
s0558	928349	1022229	928349	341313097	119.1	482548
s0559	76744	77040	76744	27558636	25.41	150948
s0560	107651	108250	107651	38737219	30.42	162248
s0561	118786	116180	118786	42687068	21.54	159764
s0562	73302	73572	73302	26285181	12.42	130524
s0563	91006	91390	91006	32685068	27.06	153248
s0564	104185	104740	104185	37472870	17.82	158736
s0565	106320	106901	106320	38231257	21.72	154152
s0566	93898	94321	93898	33725562	21.55	148568
s0567	103686	104334	103686	37267707	28.82	156928
s0568	182691	183890	182691	65673462	29.67	200948
s0569	163518	164656	163518	58858785	63.54	179920
s0570	631501	672752	631501	231537169	95.0	411700
s0571	586269	623829	586269	214905708	115.42	316488
s0572	1291733	1474227	1291733	474844949	162.23	588808
s0573	1465351	1660116	1465351	540660044	222.98	763116
s0574	672091	718054	672091	246580976	107.05	357540
s0575	659036	705183	659036	241709549	78.81	364736
s0576	569660	605606	569660	208866280	81.44	368568
s0577	1244085	1400366	1244085	458522777	188.38	693864
s0578	1284948	1455804	1284948	472236972	166.64	602572
s0579	1189329	1330705	1189329	436453181	94.19	598868
s0580	1606361	1845185	1606361	591080116	198.4	714288
s0581	1326794	1490353	1326794	489088479	216.63	663148
s0582	1193536	1351885	1193536	438301832	141.17	624868
s0583	1432573	1626940	1432573	526628346	160.84	667652
s0584	1553778	1774298	1553778	571636194	185.08	651528
s0585	1314565	1506517	1314565	483438323	150.63	566316
s0586	1713157	1999837	1713157	631300964	217.16	832336
s0587	574078	614571	574078	210503240	64.42	326140
s0588	1434512	1651354	1434512	527819261	187.27	713396
s0589	815422	931562	815422	299205740	124.65	455064
s0590	463437	486768	463437	169472441	73.99	343720
s0591	1498908	1751035	1498908	552271209	196.51	716080
s0592	596386	636563	596386	218753767	113.69	401404
s0593	1362048	1560227	1362048	500720675	153.49	596696
s0594	1130045	1257762	1130045	415985558	355.08	559072
s0595	1697368	1897347	1697368	625167069	543.96	839568
s0596	1384617	1566539	1384617	508709379	108.98	603380
s0597	1310924	1462590	1310924	481183064	136.43	658908
s0598	1219882	1360500	1219882	447731934	161.73	660000
s0599	538290	575955	538290	197287952	119.53	353112
s0600	462692	490878	462692	169447318	72.17	332244
s0601	1571639	1830841	1571639	579108734	223.15	787712
s0602	523935	554667	523935	192024672	85.87	394880
s0603	1377363	1566584	1377363	508373555	189.58	637888
s0604	655533	694002	655533	240293281	100.6	358100
s0605	1790718	2076303	1790718	659075509	229.18	923660
s0606	1009060	1115987	1009060	371045231	134.27	546396
s0607	1268677	1418754	1268677	465224944	130.09	601748
s0608	1676007	1740354	1676007	616342573	161.34	818424
s0609	901071	996710	901071	331149246	81.3	495716
s0610	1308158	1476883	1308158	482247804	165.99	678012
s0611	1514800	1747549	1514800	556916431	147.92	724676
s0612	523534	564621	523534	192131566	97.83	390512
s0613	513734	546067	513734	188133467	86.11	323648
s0614	513785	544494	513785	188214213	76.26	349828
s0615	1541367	1653027	1541367	566610337	160.28	762852
s0616	1904727	2222195	1904727	701348643	201.56	904128
s0617	1731750	1984917	1731750	636658142	169.85	760932
s0618	2104857	2453894	2104857	775406139	256.13	972508
s0619	571074	611649	571074	209519956	77.14	382024
s0620	1595038	1826633	1595038	586103319	106.67	764872
s0621	1716782	2027759	1716782	632506948	214.94	741456
s0622	1171984	1337795	1171984	430230215	123.52	531544
s0623	632728	679623	632728	232255347	96.36	368788
s0624	1506768	1721134	1506768	553681554	136.69	671244
s0625	1786132	2066275	1786132	657229484	203.36	681756
s0626	1790671	2087575	1790671	659206123	291.92	759668
s0627	2003462	2331656	2003462	737620320	521.47	863648
s0628	513483	546250	513483	188253453	79.52	367732
s0629	49300	49841	49300	17765541	15.9	139816
s0630	1847049	2141871	1847049	680015180	208.96	856216
s0631	454280	478777	454280	166386652	72.88	310088
s0632	673205	719435	673205	247130297	114.69	397792
s0633	1863606	2130544	1863606	685272280	182.38	827436
s0634	660087	698994	660087	242039353	70.91	429128
s0635	1551494	1768016	1551494	570130481	96.21	703592
s0636	1183821	1379256	1183821	435200279	170.89	594848
s0637	726457	776989	726457	266742299	106.41	394192
s0638	1825605	2110814	1825605	672064264	199.42	879340
s0639	1682860	1955333	1682860	619581495	260.18	869012
s0640	663639	708744	663639	243668069	118.57	400160
s0641	49944	49018	49944	18000266	15.03	124248
s0642	64793	66056	64793	23396539	19.51	120160
s0643	1210666	1344420	1210666	446003803	184.99	552552
s0644	616679	662420	616679	226409038	58.09	389832
s0645	947829	1048476	947829	348822764	148.66	504940
s0646	859015	939665	859015	315729328	111.37	502416
s0647	491485	524713	491485	180355151	99.41	327784
s0648	895416	995859	895416	329741457	347.86	523104
s0649	627868	671866	627868	230401507	101.44	426728
s0650	473817	520555	473817	174358008	61.72	357264
s0651	548822	586570	548822	201278051	86.63	362120
s0652	625529	667930	625529	229301456	101.65	381872
s0653	1071710	1192250	1071710	394641503	167.68	578820
s0654	818325	908178	818325	301094675	120.79	483812
s0655	911033	1011472	911033	335391551	140.42	450804
s0656	533987	592055	533987	196249762	96.58	339072
s0657	612753	657745	612753	225111609	100.83	374768
s0658	617810	665563	617810	226971327	71.97	375584
s0659	896326	960429	896326	327906943	89.36	448596
s0660	714023	766171	714023	262268362	135.22	382840
s0661	1391832	1557994	1391832	513110831	210.51	750708
s0662	1048904	1154602	1048904	385971132	149.93	499272
s0663	753161	825610	753161	276671888	129.32	431556
s0664	1051068	1160553	1051068	386738750	156.63	609148
s0665	1224132	1384935	1224132	451160525	161.98	571700
s0666	1229084	1305602	1229084	452838771	196.47	576784
s0667	621400	659150	621400	227669135	82.21	333624
s0668	988097	1087698	988097	363526980	153.45	468836
s0669	1742718	2011501	1742718	644279430	171.23	746844
s0670	1564329	1783422	1564329	577568598	525.62	725416
s0671	1311143	1489334	1311143	483596552	206.14	620308
s0672	1087156	1201780	1087156	399766252	115.9	581952
s0673	1573593	1764066	1573593	580204152	235.22	782424
s0674	1309447	1468990	1309447	482592786	161.23	565708
s0675	1387222	1553054	1387222	510727311	174.99	613556
s0676	550236	588672	550236	201785762	89.89	350456
s0677	629431	673599	629431	230795413	86.93	368644
s0678	606162	652651	606162	222511599	95.99	423016
s0679	1258511	1420485	1258511	463942232	166.59	725452
s0680	1384879	1567991	1384879	510710556	177.36	684640
s0681	97365	97863	97365	35002172	24.91	148556
s0682	162792	163958	162792	58535716	26.94	180576
s0683	105106	105607	105106	37777714	26.4	163340
s0684	113412	114005	113412	40809842	26.28	169592
s0685	128521	129227	128521	46248280	25.11	164100
s0686	163492	164717	163492	58865757	16.99	188972
s0687	1013285	1125624	1013285	372657196	79.51	502480
s0688	757297	817386	757297	277906366	110.18	432124
s0689	571274	607975	571274	209472605	87.88	404540
s0690	593184	636896	593184	217673329	88.25	336352
s0691	1704147	1981129	1704147	627694744	192.08	749356
s0692	837650	906981	837650	307664597	133.94	514444
s0693	625333	666765	625333	229212798	91.79	372416
s0694	1375696	1557886	1375696	507418706	184.95	624944
s0695	1135156	1271308	1135156	418456126	159.47	588604
s0696	586599	623517	586599	215061560	224.18	355820
s0697	422168	461235	422168	154930575	97.33	421684
s0698	716181	763652	716181	262738539	104.74	397356
s0699	713875	759913	713875	261904495	262.39	465360
s0700	765114	811484	765114	280127254	124.47	455704
s0701	567666	602683	567666	208111304	98.82	357696
s0702	629540	672645	629540	230709274	78.19	377792
s0703	644007	684115	644007	235698764	83.16	364356
s0704	864302	933033	864302	317361123	134.96	523428
s0705	679570	721864	679570	248698929	132.74	438484
s0706	770657	840681	770657	283089888	111.05	403332
s0707	278534	278381	278534	101708171	271.93	503648
s0708	223753	229805	223753	81581354	78.27	496768
s0709	240599	246693	240599	87794858	46.56	388500
s0710	239537	247637	239537	87470774	207.94	470732
s0711	291020	305106	291020	106644118	47.99	547904
s0712	285014	295978	285014	104271024	100.98	757748
s0713	243739	252850	243739	89022729	72.75	754444
s0714	307225	318437	307225	112423815	46.41	393460
s0715	234656	242451	234656	85648181	103.08	399796
s0716	167067	170636	167067	60925472	36.29	252244
s0717	237762	249107	237762	87055376	56.35	390616
s0718	365914	381388	365914	134029583	93.44	586284
s0719	327193	335594	327193	119491746	51.85	480124
s0720	304110	318479	304110	111456665	61.72	424848
s0721	229343	234880	229343	83700522	46.54	280684
s0722	218472	229775	218472	79980353	64.02	342256
s0723	250867	262701	250867	91859284	60.33	477408
s0724	371073	391152	371073	136228063	79.84	564832
s0725	280741	293356	280741	102812530	69.92	420960
s0726	243526	251975	243526	88967611	61.96	705068
s0727	178785	184169	178785	65207025	47.04	330568
s0728	248398	258333	248398	90819944	274.75	548516
s0729	285705	295949	285705	104495341	65.74	517988
s0730	134192	137362	134192	48883028	56.94	2408356
s0731	399903	423683	399903	146808947	86.46	651688
s0732	237760	248873	237760	87014481	49.06	520248
s0733	202326	208842	202326	73815881	45.68	308892
s0734	92752	94654	92752	33698326	40.88	1557608
s0735	301495	313896	301495	110293888	155.44	539760
s0736	295841	308064	295841	108269154	132.91	649500
s0737	284711	297827	284711	104293554	37.54	458876
s0738	251040	260499	251040	91757031	150.94	634116
s0739	369222	387013	369222	135367246	117.15	632524
s0740	320281	332187	320281	117179877	69.72	492356
s0741	244048	251330	244048	89153002	56.04	319376
s0742	356201	371388	356201	130525873	103.93	694028
s0743	486480	514141	486480	177999499	57.13	568740
s0744	208767	215372	208767	76199922	48.69	406128
s0745	546636	585252	546636	199790902	123.42	472716
s0746	266235	278152	266235	97454617	93.84	1007452
s0747	247046	255190	247046	90243690	76.18	396136
s0748	370723	391264	370723	135563708	67.78	494832
s0749	630466	667493	630466	230129533	109.88	535048
s0750	657236	707784	657236	240468261	46.14	448912
s0751	358480	377442	358480	131052123	66.84	702932
s0752	284942	299334	284942	104397928	85.72	375832
s0753	718648	788658	718648	263469643	99.62	495524
s0754	499906	531448	499906	182543893	87.46	778812
s0755	308262	322068	308262	113041461	83.37	480632
s0756	639459	613306	639459	233991665	110.18	453848
s0757	696186	746238	696186	254861957	70.27	455720
s0758	399807	419129	399807	146174041	64.79	575856
s0759	198545	203538	198545	72438167	40.86	292824
s0760	197376	202041	197376	71861184	46.11	346336
s0761	640073	698359	640073	234445951	76.99	548816
s0762	328319	344356	328319	119930822	102.51	531976
s0763	312769	326621	312769	114554763	58.87	543640
s0764	522530	555013	522530	190853399	71.1	465636
s0765	193324	198105	193324	70452904	50.78	294416
s0766	198851	202776	198851	72394654	37.96	469968
s0767	585740	637838	585740	214439411	98.3	391144
s0768	202796	209002	202796	73995757	63.82	419296
s0769	210036	219067	210036	76779537	73.36	750808
s0770	234720	242322	234720	85667757	84.49	461132
s0771	419535	443979	419535	153957844	81.49	376348
s0772	346242	360000	346242	126534262	61.07	368128
s0773	337483	348092	337483	123167061	88.51	810444
s0774	418293	436710	418293	153116083	74.84	343204
s0775	387959	403470	387959	141916402	59.7	408712
s0776	387716	405400	387716	141942181	61.25	413976
s0777	300655	312506	300655	109935893	68.43	385724
s0778	319001	328675	319001	116466935	50.34	321944
s0779	305327	319727	305327	111746937	53.12	376080
s0780	310914	323997	310914	113612879	64.71	459904
s0781	372877	385563	372877	136135197	61.01	374944
s0782	223883	232027	223883	81853748	54.41	284168
s0783	500090	530622	500090	182603856	138.65	476948
s0784	411509	430990	411509	150399863	66.31	515780
s0785	769287	843374	769287	281784655	62.27	761336
s0786	284269	295808	284269	103840862	114.74	459980
s0787	433613	455521	433613	158967698	75.49	385200
s0788	197080	203008	197080	71862104	41.88	315952
s0789	307912	317536	307912	112398414	49.8	337828
s0790	324926	339036	324926	118743957	50.74	311536
s0791	320140	328729	320140	116798835	48.55	341820
s0792	189314	186153	189314	68806042	69.21	312304
s0793	314171	328262	314171	114874403	53.38	339956
s0794	318017	332251	318017	116222491	53.64	563644
s0795	530159	561010	530159	194454325	115.69	877548
s0796	195842	201031	195842	71373709	28.04	348576
s0797	224953	230635	224953	81991490	41.81	252528
s0798	252821	261566	252821	92331431	76.07	738436
s0799	288322	301529	288322	105597109	90.74	570608
s0800	256144	266536	256144	93715872	72.87	598220
s0801	177907	182633	177907	64876346	45.08	431904
s0802	166263	171049	166263	60577026	36.05	255488
s0803	214731	220431	214731	78347596	51.48	326504
s0804	332681	344421	332681	121696703	88.31	592948
s0805	398802	414629	398802	146110932	111.78	617624
s0806	292147	305464	292147	107027402	74.62	557388
s0807	201792	207296	201792	73645778	42.2	286156
s0808	355981	370558	355981	130377666	42.82	536548
s0809	242335	248923	242335	88443697	57.17	276264
s0810	211172	217378	211172	77106800	23.17	296236
s0811	228578	236101	228578	83459987	80.16	2839760
s0812	194191	198923	194191	70790737	38.89	309396
s0813	223106	228607	223106	81335306	73.78	817856
s0814	350163	365777	350163	128282203	76.49	485428
s0815	287558	300258	287558	105311706	37.51	418772
s0816	343823	358646	343823	125749901	57.35	528344
s0817	321752	336550	321752	117684944	76.45	542436
s0818	159271	165084	159271	58093582	65.38	592664
s0819	329573	341615	329573	120339889	63.71	574520
s0820	446586	472810	446586	163947336	205.86	587532
s0821	413986	435269	413986	151696420	54.69	619480
s0822	372591	389084	372591	136257255	126.67	368096
s0823	263295	270210	263295	96009002	53.81	313168
s0824	425743	451502	425743	156405162	93.14	490172
s0825	332852	344629	332852	121760716	62.31	399572
s0826	248104	257925	248104	90762728	81.95	757804
s0827	279512	290252	279512	102243889	70.57	453996
s0828	216610	222595	216610	79069479	99.1	249496
s0829	250276	258117	250276	91438072	52.77	320208
s0830	330460	341671	330460	120880072	50.71	373988
s0831	385646	407073	385646	141437221	82.32	514108
s0832	415179	442175	415179	152248516	78.97	441156
s0833	405096	422686	405096	148153816	58.15	414380
s0834	140183	142824	140183	51051581	31.27	330652
s0835	511534	535622	511534	187141951	115.93	546988
s0836	484958	516342	484958	177757332	134.04	699632
s0837	465040	489175	465040	170187530	85.34	566492
s0838	296520	306430	296520	108201117	50.27	317240
s0839	553065	584578	553065	202596129	96.54	546008
s0840	721828	773274	721828	265027715	127.23	656852
s0841	353649	370399	353649	129428231	74.96	539540
s0842	425231	442124	425231	155656334	69.28	579860
s0843	609175	658086	609175	223723373	312.44	1624748
s0844	319089	333716	319089	116665179	135.01	573924
s0845	267868	276615	267868	97695510	38.08	382460
s0846	344767	360700	344767	126197662	34.69	367508
s0847	405982	424289	405982	148560347	57.62	388680
s0848	456580	476250	456580	166802163	60.53	487916
s0849	343751	359640	343751	125880841	58.52	329312
s0850	342331	355984	342331	125145850	101.59	644168
s0851	484983	504202	484983	177266536	44.63	536696
s0852	359225	371271	359225	131281957	36.64	404256
s0853	297885	308985	297885	108767978	57.36	513888
s0854	651576	701584	651576	239374042	143.53	673208
s0855	328389	337937	328389	119937535	50.02	310204
s0856	297640	308596	297640	108746946	70.7	408516
s0857	431340	450939	431340	157827340	62.49	551992
s0858	299046	309166	299046	109253673	46.38	384084
s0859	516605	540662	516605	189076405	97.78	511764
s0860	430800	459508	430800	158081452	87.88	711160
s0861	533253	563907	533253	195320783	88.91	481164
s0862	434904	459034	434904	159491968	75.27	396832
s0863	445032	462580	445032	162724929	75.43	464928
s0864	297221	306940	297221	108467690	56.37	470044
s0865	262456	273328	262456	95958910	94.41	447292
s0866	288738	299881	288738	105584380	63.6	517504
s0867	500692	525316	500692	183334035	88.88	441340
s0868	327210	295748	327210	119556034	106.05	434220
s0869	209613	221719	209613	76781194	79.07	460768
s0870	271310	280150	271310	99161268	52.84	364140
s0871	358686	377909	358686	130990701	47.49	728160
s0872	416628	439352	416628	152325820	41.7	461376
s0873	614019	649447	614019	224308270	81.74	422416
s0874	269278	280009	269278	98463757	99.16	477988
s0875	214010	221006	214010	78098631	47.15	270984
s0876	653748	699200	653748	239038568	63.07	604884
s0877	551357	593971	551357	201706034	72.97	396904
s0878	550997	620061	550997	202729353	66.55	459112
s0879	927410	1043171	927410	341216128	141.37	551428
s0880	895610	1003571	895610	329719746	62.25	487524
s0881	1408972	1587190	1408972	519853928	432.91	590384
s0882	1236512	1406312	1236512	456083002	168.74	663920
s0883	288332	300314	288332	105500368	69.59	839704
s0884	337371	349788	337371	123234349	124.05	3193172
s0885	122717	126892	122717	44626792	119.39	1970804
s0886	159540	163327	159540	58069313	45.97	1646272
s0887	180938	187363	180938	65969382	152.27	1646304
s0888	147947	151478	147947	53783297	57.2	1773552
s0889	394218	413158	394218	144422111	85.53	969180
s0890	145457	134894	145457	52914307	39.58	996760
s0891	277225	286272	277225	101252264	149.78	5342040
s0892	166426	171230	166426	60562488	34.34	1107504
s0893	265843	275763	265843	97127249	62.22	2746132
s0894	392830	414043	392830	143927120	81.99	1983412
s0895	285544	295774	285544	104330547	156.76	2249152
s0896	370725	386725	370725	135810340	75.76	2002132
s0897	223055	229518	223055	81351367	38.95	544360
s0898	345068	359696	345068	126157985	61.54	561056
s0899	281691	291408	281691	102836525	55.14	2835376
s0900	301288	313184	301288	110010648	94.08	2530088
s0901	360048	377108	360048	131771908	81.69	2666184
s0902	262361	270788	262361	95782693	78.19	2275164
s0903	369630	385055	369630	135296018	93.5	2185916
s0904	234765	242690	234765	85600971	61.92	1545544
s0905	365722	384563	365722	134156757	91.62	4085352
s0906	321791	332307	321791	117422047	105.19	2755100
s0907	227557	235606	227557	82964084	78.2	1879668
s0908	307155	320376	307155	112229477	59.45	1588984
s0909	251215	259999	251215	91819310	63.64	2590796
s0910	306254	317422	306254	111788266	113.9	2251704
s0911	284580	295899	284580	104164435	136.89	3276072
s0912	287332	296619	287332	104933717	121.09	4016252
s0913	387867	403141	387867	142018798	65.32	2214560
s0914	659648	724829	659648	240440647	90.63	2522076
s0915	239192	248143	239192	87235317	80.03	3564572
s0916	407164	427676	407164	149074191	83.76	2062960
s0917	383997	404855	383997	140412348	438.93	6896436
s0918	575420	609862	575420	210546617	109.51	2149320
s0919	247735	253916	247735	90117050	141.23	3476612
s0920	143203	146612	143203	52090184	149.04	4368632
s0921	279701	289741	279701	102025374	41.03	1500296
s0922	275119	283914	275119	100459133	77.72	1948244
s0923	259060	267476	259060	94606275	93.31	2299592
s0924	568514	621321	568514	207699095	128.13	4529524
s0925	438339	465951	438339	161041807	112.88	3887852
s0926	270167	280310	270167	98813797	65.36	2208236
s0927	328558	346833	328558	120314130	109.67	3092520
s0928	342336	359982	342336	125281328	75.97	1833492
s0929	360059	374938	360059	131541038	86.24	2226728
s0930	292800	304411	292800	106865194	59.06	1548276
s0931	198548	203150	198548	72279961	152.45	4242460
s0932	440332	467351	440332	161600667	64.73	2096868
s0933	347846	362525	347846	127410602	77.52	2355048
s0934	368622	387623	368622	135137328	106.42	2885088
s0935	743224	822972	743224	273140492	86.85	3524700
s0936	355798	372441	355798	130284144	79.06	2452912
s0937	403002	425935	403002	147611547	86.45	2134288
s0938	678072	741600	678072	249043337	136.21	2870768
s0939	262901	272526	262901	95909333	71.14	1835384
s0940	530247	561961	530247	194074881	207.25	5882556
s0941	276859	288817	276859	101340385	88.29	2543980
s0942	1445686	1595821	1445686	532401282	230.62	3326368
s0943	227302	235106	227302	82811772	111.81	3135060
s0944	296825	311318	296825	108537903	143.74	2371052
s0945	382080	404884	382080	140065128	52.3	2232616
s0946	175807	181059	175807	64092445	94.49	2759732
s0947	303167	314765	303167	110707582	78.29	1853008
s0948	335017	349765	335017	122561260	42.37	943244
s0949	271282	281121	271282	99053340	58.73	1686228
s0950	261274	270422	261274	95395192	59.2	799228
s0951	238677	248478	238677	87197982	62.6	1793644
s0952	183275	183558	183275	66875479	43.14	956860
s0953	291479	304478	291479	106665382	62.12	903384
s0954	332515	348444	332515	121556464	72.16	2125072
s0955	217604	226127	217604	79381821	187.69	4175164
s0956	272580	284169	272580	99673291	63.65	2756920
s0957	185995	193580	185995	67988339	63.81	2061004
s0958	323205	341301	323205	118578802	98.65	3332208
s0959	84574	86226	84574	30713857	33.63	3076900
s0960	407043	432423	407043	149343961	116.49	3380768
s0961	321273	336715	321273	117499526	166.31	2674756
s0962	335898	350136	335898	123036336	109.59	2251968
s0963	421313	440699	421313	154039709	194.0	1951244
s0964	516710	554262	516710	189939543	124.69	3866396
s0965	264948	274743	264948	96612378	55.73	1845084
s0966	305238	318809	305238	111795727	83.75	3057216
s0967	273363	282304	273363	99702992	68.98	1438584
s0968	345294	360603	345294	126220848	77.61	1674812
s0969	274342	284673	274342	100230806	69.95	1148436
s0970	259356	273487	259356	94828902	139.23	3521908
s0971	132087	136089	132087	48084788	74.91	2674176
s0972	167465	171815	167465	60940802	79.8	1842228
s0973	308683	322323	308683	112931345	75.37	1746904
s0974	355587	369388	355587	130115666	99.09	2010796
s0975	235099	242749	235099	85676322	63.44	1076056
s0976	278074	287642	278074	101538647	61.33	1263204
s0977	310326	320861	310326	113314761	94.27	2406180
s0978	398960	420343	398960	146288164	113.94	3890800
s0979	317673	331714	317673	116105747	68.03	1538788
s0980	197173	202374	197173	71826291	31.26	2069324
s0981	275185	285791	275185	100503353	70.26	2088124
s0982	356349	370291	356349	130257569	66.61	1337140
s0983	510348	538123	510348	187098375	101.17	3685996
s0984	179940	184503	179940	65539341	30.79	1315664
s0985	599694	638321	599694	219200490	55.78	2217736
s0986	419499	438704	419499	153691052	78.97	1989196
s0987	307972	321342	307972	112596898	77.1	1584284
s0988	387151	406605	387151	142010510	116.94	2562120
s0989	363250	378431	363250	132919776	70.09	2905656
s0990	227283	234412	227283	82899038	55.99	1364468
s0991	339731	363384	339731	124083737	64.4	1899392
s0992	389026	406828	389026	142594222	78.56	4198472
s0993	393813	413194	393813	144392866	108.18	2696984
s0994	44924	45450	44924	16265348	58.78	2088728
s0995	289471	298698	289471	105665303	60.93	3126820
s0996	245199	252798	245199	89427874	86.43	2110328
s0997	359365	373377	359365	131415776	145.06	4443484
s0998	219484	227271	219484	80113914	79.54	3335908
s0999	325260	337931	325260	118900357	50.42	3042336
s1000	332403	348606	332403	121572650	79.5	1683748
s1001	235738	244912	235738	86098643	61.79	1542924
s1002	350928	366795	350928	128507366	75.16	2132724
s1003	254931	264762	254931	93269182	60.24	1023164
s1004	189621	194727	189621	69125900	44.15	887592
s1005	282363	292502	282363	103098002	60.21	1446300
s1006	299366	314739	299366	109556655	72.86	1808740
s1007	298444	309220	298444	109002035	66.66	1692560
s1008	342879	357453	342879	125574465	79.83	2224616
s1009	641706	685819	641706	235763606	148.99	3821280
s1010	187904	194255	187904	68579549	85.8	3080316
s1011	664030	704080	664030	243129853	120.11	2421760
s1012	234268	241113	234268	85466271	72.39	2137976
s1013	500405	527221	500405	183512860	63.7	1862940
s1014	686862	733153	686862	251902859	145.42	3008592
s1015	202847	199996	202847	73974865	90.59	2071612
s1016	305076	320638	305076	111816845	92.11	2523988
s1017	208408	212740	208408	75865477	88.18	2459452
s1018	319305	332323	319305	116619410	71.84	2000256
s1019	340519	353727	340519	124587074	75.37	2286668
s1020	322502	335507	322502	117839409	74.59	1962280
s1021	357050	374707	357050	130877865	75.16	2012180
s1022	726538	795877	726538	266946281	185.8	3358668
s1023	1014226	1137648	1014226	373327974	196.65	3908644
s1024	246073	257652	246073	89884369	60.47	2493500
s1025	680089	733699	680089	249398439	78.9	2691132
s1026	347993	365080	347993	127335197	96.98	2686092
s1027	292014	302287	292014	106700158	85.06	2398484
s1028	138870	142256	138870	50521433	47.47	2276012
s1029	295211	307008	295211	108006273	72.03	1522372
s1030	389335	408120	389335	142689923	107.92	3136784
s1031	300161	314507	300161	109887677	109.37	2407588
s1032	211857	219066	211857	77215963	56.86	1986352
s1033	330811	346014	330811	121148847	96.39	3057284
s1034	369336	370867	369336	135152826	87.6	3461672
s1035	471508	499686	471508	172473723	84.89	2492480
s1036	122805	126101	122805	44604091	58.97	1280112
s1037	271797	281488	271797	99304875	64.05	1774816
s1038	386676	403254	386676	141404513	82.53	2953940
s1039	336855	350342	336855	123230036	96.53	3001072
s1040	343647	358392	343647	125684431	102.27	2578952
s1041	95734	97913	95734	34789592	105.99	3741864
s1042	260635	271099	260635	95253730	78.4	1652936
s1043	258880	270823	258880	94687791	64.15	1496340
s1044	273976	284597	273976	100095030	60.97	1363820
s1045	316741	330907	316741	115640718	79.98	1723644
s1046	194042	199867	194042	70743031	44.26	1882920
s1047	288603	302950	288603	105420411	71.66	1714076
s1048	200667	209192	200667	73315793	49.71	1398592
s1049	154088	157754	154088	56116100	114.08	3013568
s1050	311250	324041	311250	113619451	57.98	1826652
s1051	117334	120878	117334	42712157	124.58	3552520
s1052	175274	181637	175274	63946284	102.93	2937212
s1053	149804	155285	149804	54643518	95.31	4527948
s1054	279082	289728	279082	101688775	59.44	1375972
s1055	223211	232468	223211	81414964	68.07	1664516
s1056	253715	264785	253715	92723072	80.97	2039444
s1057	252248	262250	252248	92132986	90.28	1825356
s1058	152576	155842	152576	55470305	50.14	1275564
s1059	193757	199209	193757	70604035	51.13	1413204
s1060	111291	113412	111291	40375756	66.96	3686020
s1061	253726	262563	253726	92471592	50.63	1505532
s1062	307940	322570	307940	112680514	43.2	1651684
s1063	170851	175960	170851	62203461	58.58	1868428
s1064	343821	360842	343821	125914894	72.09	2296020
s1065	262428	270680	262428	95783325	65.75	2295252
s1066	352648	373339	352648	129288783	81.14	1790948
s1067	378998	401859	378998	138838901	92.97	1868964
s1068	290828	302961	290828	106333150	74.89	1911136
s1069	238281	246742	238281	86995970	64.7	1760764
s1070	51807	52717	51807	18732800	44.01	1883512
s1071	277416	289010	277416	101561805	133.57	3122632
s1072	127776	131458	127776	46488622	79.94	2496136
s1073	300614	314025	300614	109980486	57.07	2363656
s1074	113103	115937	113103	41096477	147.72	3672172
s1075	450493	477706	450493	165525699	120.41	3733244
s1076	65977	67585	65977	23908614	55.05	2970508
s1077	267993	279765	267993	97826218	64.66	1209820
s1078	234900	245561	234900	85884295	78.73	1803336
s1079	144894	150023	144894	52845588	151.09	4543872
s1080	316815	334766	316815	115862883	80.44	1915304
s1081	118432	120974	118432	42995967	65.84	2369892
s1082	260315	269192	260315	94915964	47.44	1183952
s1083	268655	284055	268655	98278243	61.7	2061792
s1084	331471	345428	331471	121253356	37.7	2137844
s1085	316031	329942	316031	115446850	73.47	1747016
s1086	74121	76195	74121	26915933	59.73	2174228
s1087	250526	261039	250526	91507474	74.22	2072116
s1088	191821	200163	191821	70001570	85.12	4303520
s1089	269502	281354	269502	98405705	94.92	1841844
s1090	60194	61333	60194	21795641	82.27	3299080
s1091	297233	309301	297233	108650859	70.09	1725000
s1092	153226	158231	153226	55821919	47.4	1952532
s1093	317626	329359	317626	116188067	81.53	677812
s1094	215418	220821	215418	78598537	31.73	332096
s1095	223544	230246	223544	81745100	61.93	582856
s1096	267220	276716	267220	97709710	90.94	436564
s1097	427887	446785	427887	157014928	91.15	798864
s1098	339532	350281	339532	124274755	61.21	505660
s1099	322934	337474	322934	118527547	141.14	1009124
s1100	239450	246642	239450	87437513	91.37	412232
s1101	255720	262906	255720	93364177	58.38	355720
s1102	214580	222380	214580	78422466	58.68	516824
s1103	373829	391124	373829	137154931	92.68	485172
s1104	214824	222518	214824	78480546	118.76	465428
s1105	423895	446992	423895	155870889	123.06	802820
s1106	326672	337809	326672	119531521	75.48	538856
s1107	307116	318253	307116	112412874	71.46	595204
s1108	365670	377913	365670	133906996	78.4	570608
s1109	308489	321986	308489	112948105	47.86	725732
s1110	284101	292335	284101	103782114	63.96	815296
s1111	315815	325029	315815	115561643	62.09	483224
s1112	126960	130686	126960	46071681	73.72	329532
s1113	410018	428262	410018	150420287	92.49	917732
s1114	144006	147536	144006	52400544	42.01	741244
s1115	256436	264102	256436	93664036	59.31	1005948
s1116	276926	285944	276926	101324673	63.57	703884
s1117	273129	282561	273129	99864427	128.94	516840
s1118	237024	246123	237024	86700141	166.81	586244
s1119	297113	305617	297113	108629999	36.98	425488
s1120	281690	290103	281690	102955242	55.6	433892
s1121	242871	251182	242871	88782555	56.12	518460
s1122	288934	298893	288934	105666714	73.44	525036
s1123	287336	299344	287336	105340238	70.87	552100
s1124	305390	316316	305390	111756427	47.42	495208
s1125	287090	295958	287090	104982983	67.61	488132
s1126	199496	204501	199496	72798100	42.67	221064
s1127	258701	268213	258701	94625156	66.14	600772
s1128	292635	302643	292635	107108926	71.4	801108
s1129	234242	239914	234242	85562419	55.89	596316
s1130	250934	257833	250934	91670436	34.92	451780
s1131	333528	343784	333528	121989126	159.72	591036
s1132	264229	276712	264229	96786446	230.16	296304
s1133	245706	252222	245706	89745343	50.75	477692
s1134	365227	379032	365227	133689692	73.57	635560
s1135	152472	154971	152472	55481120	21.23	295760
s1136	398043	417981	398043	146222531	104.95	631200
s1137	426521	448358	426521	156521704	93.81	629420
s1138	308155	321357	308155	112989861	72.73	467936
s1139	259947	269046	259947	94985297	67.43	604212
s1140	275830	284167	275830	100858333	157.34	407852
s1141	267999	279702	267999	98178614	84.81	444624
s1142	390093	403522	390093	142972395	94.43	654256
s1143	230182	241391	230182	84196996	55.07	343104
s1144	262630	275595	262630	96206286	65.92	403780
s1145	352879	364641	352879	129190292	71.78	536608
s1146	280721	290598	280721	102794713	77.36	424936
s1147	374006	389501	374006	137081693	90.12	842540
s1148	68580	69642	68580	24768903	21.23	213604
s1149	261562	274334	261562	95836890	68.67	446548
s1150	305749	319927	305749	112071103	71.4	494244
s1151	268823	279603	268823	98354399	158.9	481100
s1152	281858	295638	281858	103276137	68.23	435352
s1153	280040	287536	280040	102219800	42.88	695920
s1154	259987	269220	259987	95138290	129.26	566648
s1155	260973	269919	260973	95415535	63.84	524508
s1156	272773	280856	272773	99754448	57.46	430584
s1157	173653	176995	173653	63241007	46.88	1267620
s1158	215913	222608	215913	78790880	66.96	425924
s1159	277920	287380	277920	101668455	129.89	615796
s1160	95664	98884	95664	34770266	40.76	719028
s1161	189283	194898	189283	69160041	55.2	611812
s1162	382409	404273	382409	140487653	128.05	895648
s1163	292366	303301	292366	107013082	60.93	579816
s1164	210264	220704	210264	77022957	70.17	471636
s1165	303352	312041	303352	110873066	56.44	536048
s1166	253852	262199	253852	92747540	101.57	410384
s1167	342084	350864	342084	125044734	59.59	779144
s1168	271122	280147	271122	99134967	41.35	489916
s1169	296682	306954	296682	108625120	73.16	520636
s1170	223997	232341	223997	81958843	61.57	333544
s1171	247713	255704	247713	90534592	220.69	776820
s1172	274617	286135	274617	100517336	83.29	686528
s1173	267415	275901	267415	97740515	77.71	1880736
s1174	171150	175212	171150	62418252	47.62	342824
s1175	340588	355038	340588	124900907	108.51	570700
s1176	304192	319498	304192	111562399	72.31	389616
s1177	267300	278839	267300	97807468	72.38	729404
s1178	342682	356993	342682	125509739	85.92	933312
s1179	421007	437706	421007	154404996	104.33	764780
s1180	468513	495194	468513	172311736	111.21	714680
s1181	456775	479379	456775	167731715	89.94	698500
s1182	274545	284738	274545	100469977	111.73	587808
s1183	312330	323872	312330	114310122	97.6	757108
s1184	271275	279171	271275	99227245	65.55	357640
s1185	256130	262561	256130	93579004	52.51	315304
s1186	268577	277099	268577	98184566	45.49	645748
s1187	332757	344012	332757	121819442	57.94	529980
s1188	381331	394571	381331	139727921	56.33	467656
s1189	357810	373661	357810	131157709	102.64	362112
s1190	314145	324232	314145	114890476	68.41	452016
s1191	463442	484099	463442	170052933	108.4	1317292
s1192	240058	248439	240058	87699039	120.88	366372
s1193	322232	333324	322232	117935124	120.24	511584
s1194	290835	304662	290835	106592284	243.25	444356
s1195	378116	396194	378116	138656973	95.71	907532
s1196	298055	305214	298055	108822479	51.66	474684
s1197	290323	301454	290323	106325241	67.55	601588
s1198	248766	256080	248766	90996693	59.68	408604
s1199	141187	145037	141187	51433951	38.63	460404
s1200	278482	292173	278482	102098625	69.75	420608
s1201	202825	207791	202825	73991866	50.05	460024
s1202	401655	262789	401655	147240159	168.48	614036
s1203	450427	468400	450427	165261600	84.41	666404
s1204	303976	318353	303976	111438970	122.44	741384
s1205	279244	293849	279244	102388267	76.33	481668
s1206	274322	282133	274322	100248165	73.8	430032
s1207	244981	253816	244981	89539175	59.67	409800
s1208	314033	329515	314033	115214016	183.21	554084
s1209	348070	359505	348070	127382803	77.96	490500
s1210	251980	262164	251980	92185843	91.65	893512
s1211	404459	419498	404459	148255020	78.0	635168
s1212	337969	350520	337969	123754268	137.28	785016
s1213	100634	102198	100634	36457173	26.89	198564
s1214	247862	255794	247862	90594600	59.54	486736
s1215	269285	276640	269285	98405022	46.59	466656
s1216	279517	287562	279517	102233293	57.87	517484
s1217	1414053	1544420	1414053	521744614	284.52	744456
s1218	1432815	1565855	1432815	528716569	311.71	653924
s1219	1592668	1751964	1592668	588201228	316.84	869200
s1220	1413010	1543295	1413010	521357673	301.36	641952
s1221	1425277	1557373	1425277	525921915	334.62	749036
s1222	1519088	1666297	1519088	560895948	350.23	691936
s1223	1414384	1544740	1414384	521856665	270.9	736032
s1224	1435621	1568004	1435621	529687508	286.55	752388
s1225	1594960	1743628	1594960	588634884	384.26	658492
s1226	1414533	1544892	1414533	521914345	286.82	713132
s1227	1437824	1570460	1437824	530509272	328.3	742468
s1228	1616110	1767199	1616110	596536394	516.66	854748
s1229	1395667	1537069	1395667	515231548	312.43	676676
s1230	1109430	1178437	1109430	408214225	187.09	551412
s1231	1414157	1557855	1414157	522095835	298.65	693060
s1232	1133597	1204855	1133597	417133192	472.42	587752
s1233	1580870	1750251	1580870	584063965	356.4	717660
s1234	1335396	1429024	1335396	491853037	283.63	725340
s1235	145362	146138	145362	52648967	26.41	475244
s1236	68722	69041	68722	24781208	23.72	306964
s1237	204498	205654	204498	74163324	27.12	521700
s1238	225419	227011	225419	81798587	29.43	488608
s1239	122984	123561	122984	44499799	25.04	373788
s1240	157517	158502	157517	57097311	32.39	739948
s1241	155799	156841	155799	56362117	34.07	1055208
s1242	124051	124922	124051	44861979	26.48	735144
s1243	190311	185284	190311	68898089	36.08	524776
s1244	211899	213368	211899	76817700	30.47	382772
s1245	529131	544665	529131	192006401	34.36	546288
s1246	88515	88955	88515	32004251	26.44	213444
s1247	133086	133702	133086	48191849	27.82	191716
s1248	185626	186719	185626	67202173	28.93	461776
s1249	382300	387414	382300	138667051	28.99	409908
s1250	140307	141068	140307	50834201	32.57	874044
s1251	152520	153399	152520	55247350	28.19	604492
s1252	161508	162585	161508	58456913	21.13	616712
s1253	216292	218040	216292	78433975	31.88	538408
s1254	171011	172172	171011	61971188	25.59	438360
s1255	78329	78716	78329	28269846	23.44	237488
s1256	248993	250892	248993	90332783	31.53	397732
s1257	182631	183836	182631	66170480	28.81	309160
s1258	257119	259532	257119	93328627	29.24	478600
s1259	67186	54429	67186	24238878	20.92	485528
s1260	165513	166625	165513	59944266	27.64	788400
s1261	322343	327495	322343	116752734	30.17	857516
s1262	175724	176756	175724	63632380	30.26	721344
s1263	170749	171660	170749	61887015	34.47	1118784
s1264	130458	131229	130458	47187967	25.52	301748
s1265	120113	120830	120113	43461703	25.1	362084
s1266	231610	233216	231610	83967020	29.17	890772
s1267	150814	151614	150814	54639115	56.23	516144
s1268	246710	248587	246710	89462835	60.74	867976
s1269	160505	161503	160505	58142449	27.01	238080
s1270	161055	162172	161055	58334853	25.6	398772
s1271	310044	315136	310044	112291916	32.16	1043840
s1272	199137	200887	199137	72090909	23.76	657484
s1273	250891	252746	250891	90963223	41.43	1334616
s1274	144486	145306	144486	52328290	26.38	488092
s1275	212234	213588	212234	76934601	30.04	352612
s1276	206118	207650	206118	74825724	41.84	1234676
s1277	138177	138862	138177	50051832	28.59	899968
s1278	90404	90789	90404	32624624	24.14	272308
s1279	303883	306645	303883	110088600	62.1	861984
s1280	188486	189780	188486	68297672	28.19	599840
s1281	207235	208738	207235	75092656	27.24	434340
s1282	217194	218939	217194	78709940	25.09	560688
s1283	244707	246371	244707	88710086	28.51	571484
s1284	198609	199915	198609	71938285	31.62	982308
s1285	534911	540998	534911	193967144	37.41	683512
s1286	171634	172670	171634	62159155	40.82	1250308
s1287	258055	259922	258055	93565530	27.51	773600
s1288	183033	184076	183033	66317176	57.26	749108
s1289	203873	205616	203873	73864278	26.92	313188
s1290	362207	317974	362207	131317391	35.02	1066076
s1291	188003	189058	188003	68132381	25.35	678584
s1292	158648	159395	158648	57460085	29.35	519828
s1293	247913	250130	247913	89844654	34.56	442244
s1294	145100	145903	145100	52549837	28.6	803660
s1295	139391	140155	139391	50503621	30.41	831992
s1296	205971	207774	205971	74751282	44.76	1400884
s1297	136523	137296	136523	49422789	36.3	1021928
s1298	150276	151241	150276	54442728	30.13	978292
s1299	178659	179650	178659	64677285	26.56	647748
s1300	176733	177794	176733	64004532	37.5	1192256
s1301	196268	197340	196268	71086938	29.24	579484
s1302	160096	160975	160096	57924691	26.21	1005848
s1303	187509	188661	187509	67937919	34.27	696204
s1304	93751	84827	93751	33848067	21.44	512508
s1305	252761	254385	252761	91547770	33.09	1002876
s1306	187625	188740	187625	68002318	58.24	638884
s1307	155781	156602	155781	56403325	32.01	1016660
s1308	215069	216789	215069	77909838	29.44	447800
s1309	235908	237783	235908	85526527	34.94	547184
s1310	196706	198170	196706	71302316	61.77	578740
s1311	113839	114305	113839	41097154	28.45	795012
s1312	70552	70810	70552	25478020	28.28	866124
s1313	144558	145377	144558	52330861	24.96	430488
s1314	161314	162302	161314	58447687	23.83	340652
s1315	219595	221334	219595	79575447	32.93	481840
s1316	165889	166879	165889	60080631	25.53	229264
s1317	231104	232666	231104	83844033	23.2	587880
s1318	173084	173966	173084	62695562	26.59	1400200
s1319	183774	184783	183774	66582342	24.71	579892
s1320	139297	139919	139297	50427056	29.97	506220
s1321	280924	283671	280924	101835676	27.36	231016
s1322	178570	179820	178570	64684328	24.46	507048
s1323	185602	186749	185602	67279069	33.16	926100
s1324	180919	182698	180919	65407422	22.99	675672
s1325	274206	276175	274206	99464198	70.56	1139652
s1326	451748	457772	451748	164093333	34.03	987952
s1327	355525	359333	355525	128959921	32.9	418876
s1328	158816	159912	158816	57496945	26.66	501156
s1329	210927	212666	210927	76480650	35.19	463884
s1330	147696	148534	147696	53506999	27.2	451400
s1331	306808	312229	306808	111127208	33.37	814596
s1332	65031	65249	65031	23465006	21.11	289940
s1333	160440	161419	160440	58087967	30.83	488208
s1334	167563	168630	167563	60679760	24.85	629384
s1335	184497	185516	184497	66814164	31.22	376956
s1336	266132	268236	266132	96536214	28.86	371192
s1337	139491	140262	139491	50535302	25.85	166516
s1338	169623	170607	169623	61482976	25.53	465904
s1339	159440	160297	159440	57755528	28.85	393240
s1340	152523	153353	152523	55243589	24.4	350492
s1341	167777	169074	167777	60757763	24.45	690632
s1342	220453	222432	220453	79894011	34.21	1049888
s1343	211096	212884	211096	76539728	23.88	289996
s1344	161010	162176	161010	58318891	25.43	407476
s1345	118957	119729	118957	43024359	25.5	523008
s1346	390019	395356	390019	141708782	37.88	942068
s1347	199689	201548	199689	72388182	22.61	260540
s1348	124293	124890	124293	44946969	26.14	444592
s1349	114507	115098	114507	41457800	22.37	200820
s1350	115076	115701	115076	41583022	25.74	377372
s1351	206868	208523	206868	74936241	30.65	394844
s1352	215317	217151	215317	78096247	35.11	535692
s1353	195573	197055	195573	70910862	30.06	685204
s1354	142773	143492	142773	51682357	27.89	391368
s1355	225090	226647	225090	81599408	30.46	429860
s1356	314672	317824	314672	114141583	73.52	1155944
s1357	167573	168735	167573	60626475	31.24	758676
s1358	178450	179464	178450	64698034	29.6	400100
s1359	192603	193771	192603	69818439	28.74	774260
s1360	141394	142304	141394	51094398	22.99	365988
s1361	224042	225472	224042	81185407	30.07	707760
s1362	255149	257146	255149	92492804	35.79	577644
s1363	177376	178574	177376	64272217	30.25	908892
s1364	36899	37012	36899	13250259	21.58	319028
s1365	134007	126776	134007	48515998	28.98	928352
s1366	242655	244873	242655	87934802	29.55	918128
s1367	222864	224703	222864	80770787	58.85	558164
s1368	399659	403998	399659	144911313	32.71	572424
s1369	183498	184648	183498	66503692	29.24	872424
s1370	152184	152846	152184	55087540	30.52	699648
s1371	223821	225339	223821	81099224	30.53	604852
s1372	151466	152440	151466	54868232	25.66	581592
s1373	212257	213744	212257	76896142	31.58	811708
s1374	212930	214535	212930	77161373	27.83	443600
s1375	238402	240425	238402	86466924	30.34	587160
s1376	200171	201540	200171	72550503	25.93	1218908
s1377	227851	229804	227851	82502042	33.25	539032
s1378	405846	409011	405846	147125287	34.92	637296
s1379	227058	228881	227058	82305435	39.94	816300
s1380	116651	113134	116651	42213035	22.47	537516
s1381	138271	139016	138271	50100026	30.65	1016388
s1382	155252	156220	155252	56241500	27.47	409404
s1383	356727	360308	356727	129415845	68.32	704244
s1384	208048	209404	208048	75399650	31.67	830764
s1385	380871	388961	380871	138121688	31.24	977684
s1386	144479	145207	144479	52332730	29.31	653340
s1387	286918	289134	286918	104197085	157.28	3031492
s1388	141182	141943	141182	51136031	25.88	664652
s1389	134189	134864	134189	48564274	43.76	1403536
s1390	152946	153889	152946	55227077	24.83	673468
s1391	171790	172759	171790	62225760	28.23	814596
s1392	162493	163709	162493	58861568	24.44	524752
s1393	225596	227005	225596	81765068	35.06	331396
s1394	244087	246305	244087	88503827	36.12	834584
s1395	153530	154380	153530	55648679	24.03	289276
s1396	112906	113406	112906	40831735	23.85	357672
s1397	198515	200075	198515	71928450	32.3	359372
s1398	168789	169724	168789	61091962	27.31	220164
s1399	145353	146293	145353	52643283	27.09	162104
s1400	202132	203370	202132	73298605	27.34	469436
s1401	260585	262540	260585	94539346	38.55	450968
s1402	213543	215157	213543	77488603	28.92	719580
s1403	139007	139781	139007	50308751	33.69	980236
s1404	125235	125945	125235	45323127	28.17	859636
s1405	233535	235440	233535	84588529	23.24	384536
s1406	152324	153236	152324	55100527	47.55	1300328
s1407	235279	236893	235279	85299989	28.86	560344
s1408	91374	85792	91374	33048162	20.36	392528
s1409	138701	139441	138701	50216473	25.09	651700
s1410	250475	217835	250475	90575143	31.98	726352
s1411	160550	161527	160550	58187789	33.47	803976
s1412	304650	307179	304650	110630653	43.39	877516
s1413	192173	193512	192173	69613351	27.71	348012
s1414	166923	168184	166923	60473722	26.69	728480
s1415	157499	158465	157499	57024894	25.33	630216
s1416	195920	197451	195920	70940297	35.14	989312
s1417	283750	286273	283750	102997938	57.39	2005088
s1418	128233	128871	128233	46421577	28.54	409616
s1419	154099	155189	154099	55769844	44.24	1361684
s1420	150320	151136	150320	54466918	25.35	379956
s1421	161056	162076	161056	58383659	53.62	421784
s1422	134994	135776	134994	48894242	27.29	450748
s1423	335439	340842	335439	121615048	30.56	446604
s1424	215931	217408	215931	78309915	29.58	422652
s1425	164716	165875	164716	59627228	30.52	544296
s1426	187714	189133	187714	68056557	29.83	813388
s1427	211199	212825	211199	76628044	29.96	630568
s1428	267256	270115	267256	96938521	35.39	587260
s1429	218477	220203	218477	79126732	30.52	434208
s1430	93171	93584	93171	33689459	49.76	557500
s1431	211200	212757	211200	76600615	26.22	406836
s1432	186884	187959	186884	67729338	25.81	555804
s1433	189312	190676	189312	68598221	32.73	343920
s1434	195583	196892	195583	70842543	36.76	1013240
s1435	93785	94363	93785	33892858	21.12	380740
s1436	236757	238607	236757	85840964	32.17	1072728
s1437	149064	130915	149064	53955707	25.64	352236
s1438	208831	210564	208831	75697885	26.99	303888
s1439	204612	205993	204612	74238615	34.04	569580
s1440	135204	136068	135204	48836443	27.76	652144
s1441	348382	353417	348382	126350910	35.45	1129316
s1442	142269	143081	142269	51550880	28.55	778456
s1443	154765	155536	154765	56040227	26.83	374252
s1444	199822	201097	199822	72389171	26.34	434900
s1445	191600	192934	191600	69425000	29.11	408040
s1446	171083	172258	171083	61864806	27.28	687576
s1447	156280	157147	156280	56625122	28.2	466148
s1448	187098	188489	187098	67792415	25.16	743780
s1449	219746	221677	219746	79721181	29.85	441612
s1450	177193	178293	177193	64148529	37.19	958076
s1451	155244	156152	155244	56190085	29.81	439584
s1452	209732	211105	209732	76078766	31.06	733496
s1453	159655	160447	159655	57811918	56.05	439192
s1454	243163	245205	243163	88120694	27.25	601500
s1455	153697	154730	153697	55597893	24.02	421484
s1456	181978	177158	181978	65903453	29.21	851336
s1457	313877	316569	313877	113746250	31.01	973660
s1458	320523	323515	320523	116179854	30.91	789828
s1459	170245	171120	170245	61628901	25.92	472680
s1460	285944	288009	285944	103744506	36.1	820348
s1461	177486	178575	177486	64273945	28.31	768396
s1462	238559	240689	238559	86525005	59.47	685224
s1463	245406	247035	245406	88970019	36.55	990040
s1464	223274	224927	223274	80922598	29.04	331244
s1465	206038	207428	206038	74624625	27.03	322920
s1466	242466	244817	242466	87983570	59.53	537972
s1467	114901	115612	114901	41554047	27.48	698932
s1468	125252	126063	125252	45318538	21.87	445468
s1469	164039	165122	164039	59413087	21.8	222980
s1470	130255	130869	130255	47168315	27.77	652772
s1471	196387	197878	196387	71143585	27.07	306424
s1472	245351	247499	245351	88974048	33.03	866452
s1473	175769	177285	175769	63682268	29.56	308416
s1474	144349	145241	144349	52250768	23.45	309824
s1475	238338	240321	238338	86413895	30.87	934220
s1476	197425	198707	197425	71573642	31.48	804628
s1477	173362	174491	173362	62860418	24.99	589008
s1478	163983	164958	163983	59423142	31.72	523596
s1479	222180	223713	222180	80563435	26.21	419620
s1480	215073	216360	215073	77928027	29.82	357312
s1481	211735	213289	211735	76718017	29.79	399040
s1482	172515	173550	172515	62464773	26.09	649400
s1483	331713	336542	331713	120323965	38.03	795996
s1484	407227	417422	407227	147653440	27.01	404488
s1485	213984	215586	213984	77514752	29.41	328744
s1486	277764	280421	277764	100806912	30.12	526216
s1487	200129	201506	200129	72517603	57.41	408772
s1488	221025	222580	221025	80183329	29.21	663476
s1489	379542	389165	379542	137429612	30.08	426244
s1490	233210	234934	233210	84588650	34.7	566844
s1491	132118	132886	132118	47817873	30.25	969268
s1492	231933	233780	231933	84121165	26.01	297176
s1493	184777	186100	184777	66961963	34.7	883800
s1494	176319	177348	176319	63841011	32.9	574488
s1495	122626	123217	122626	44368060	50.13	323016
s1496	175067	176206	175067	63421406	28.54	409684
s1497	254315	256032	254315	92223099	38.45	593576
s1498	128744	129440	128744	46638833	27.5	634140
s1499	125005	125828	125005	45201922	26.83	533652
s1500	116931	117630	116931	42262465	24.61	642832
s1501	214057	215810	214057	77614588	36.03	1027960
s1502	201604	202851	201604	73037092	27.0	338540
s1503	297008	299366	297008	107616239	35.92	975468
s1504	173563	174538	173563	62952789	55.59	2038772
s1505	163529	164544	163529	59254149	29.56	890664
s1506	128282	128927	128282	46446874	25.6	276156
s1507	413559	420057	413559	150065176	44.11	774916
s1508	98556	98865	98556	35602217	30.2	387920
s1509	286881	290531	286881	103974966	27.04	732332
s1510	121544	122311	121544	43981232	21.42	393716
s1511	132769	133647	132769	48021406	23.72	256796
s1512	179957	181251	179957	65149723	23.19	379820
s1513	232711	234711	232711	84195117	32.03	479972
s1514	125570	126180	125570	45458706	24.13	449108
s1515	232086	233773	232086	84126146	26.76	268956
s1516	165970	166755	165970	60117986	36.59	471296
s1517	209014	210391	209014	75714879	27.75	317440
s1518	254014	255883	254014	92118798	32.75	522672
s1519	170733	171745	170733	61836808	25.24	360572
s1520	140249	140955	140249	50711446	27.85	193548
s1521	195902	197362	195902	70949194	28.95	363188
s1522	163658	164484	163658	59251526	38.29	1273984
s1523	130015	130687	130015	47085542	24.35	195896
s1524	217804	219434	217804	78964230	36.83	608212
s1525	225269	227188	225269	81602065	28.82	264884
s1526	175570	176508	175570	63587357	25.51	524844
s1527	336690	340213	336690	122226433	27.82	687452
s1528	263360	265850	263360	95513013	27.44	537560
s1529	193034	194610	193034	69919171	25.24	529680
s1530	102680	103277	102680	37004882	26.55	682636
s1531	332092	335867	332092	120325517	34.95	672052
s1532	200183	201595	200183	72494956	33.4	1060224
s1533	408433	412320	408433	148036052	32.12	732232
s1534	168891	169822	168891	61161270	33.89	505176
s1535	193497	194877	193497	70111488	28.33	512860
s1536	144115	144896	144115	52208300	30.26	839488
s1537	158284	159363	158284	57336703	32.18	755984
s1538	159678	160665	159678	57814608	27.04	348064
s1539	177357	178380	177357	64230648	29.12	599464
s1540	448920	454428	448920	162807972	36.37	653416
s1541	182061	183343	182061	65936297	29.52	877768
s1542	260749	263156	260749	94542094	26.32	499580
s1543	180931	182079	180931	65490160	29.02	762628
s1544	196330	171047	196330	71084415	33.79	1033340
s1545	496341	502422	496341	180319808	83.17	2591020
s1546	221699	223981	221699	80376425	55.61	311296
s1547	276657	280165	276657	100208953	36.9	1236728
s1548	230613	232637	230613	83633179	27.7	343152
s1549	113893	114463	113893	41214062	27.18	734920
s1550	132741	133521	132741	48079997	37.27	1198948
s1551	123066	123700	123066	44464932	31.83	410236
s1552	509658	528171	509658	184662413	34.81	761840
s1553	206705	207964	206705	74940845	37.15	909764
s1554	218301	219937	218301	79132264	25.9	413860
s1555	149931	150722	149931	54331573	25.34	887260
s1556	1360947	1453961	1360947	495830337	84.26	2818676
s1557	109044	109577	109044	39427907	43.93	1303568
s1558	192994	194718	192994	69921787	30.04	518808
s1559	195940	197535	195940	70957401	28.2	294960
s1560	109617	110124	109617	39567651	28.68	636224
s1561	163079	141747	163079	59085027	23.1	366996
s1562	177197	178331	177197	64202408	25.73	280788
s1563	228674	230400	228674	82890842	29.78	495764
s1564	251057	252876	251057	91086799	32.06	555348
s1565	138591	139383	138591	50199072	24.19	553136
s1566	126545	127090	126545	45751410	26.35	310768
s1567	251005	252854	251005	91049215	29.96	672224
s1568	337146	342096	337146	122237845	65.44	986128
s1569	159825	160685	159825	57861096	27.01	321256
s1570	258064	261051	258064	93524627	30.47	637544
s1571	208420	209863	208420	75533170	28.08	406192
s1572	143645	144377	143645	52003123	29.8	580028
s1573	192952	194158	192952	69950055	26.18	525076
s1574	164163	165192	164163	59467929	27.21	214156
s1575	171582	172741	171582	62182458	27.94	489168
s1576	135148	135875	135148	48943519	28.1	199696
s1577	264515	266462	264515	95946112	27.37	730004
s1578	105733	106277	105733	38240464	21.62	312624
s1579	317750	320960	317750	115426068	34.16	841788
s1580	185452	186504	185452	67212100	29.73	584804
s1581	248670	250404	248670	90191047	39.81	1023176
s1582	185917	187293	185917	67340080	33.13	524472
s1583	221145	222603	221145	80215631	26.74	521408
s1584	143647	144457	143647	51987628	22.21	345376
s1585	188563	189585	188563	68290682	26.81	316460
s1586	222629	224223	222629	80737843	26.79	504532
s1587	143718	144481	143718	52087104	25.5	625560
s1588	181064	182258	181064	65572861	32.04	497616
s1589	373967	380731	373967	135955955	30.72	617832
s1590	175803	176805	175803	63594732	33.77	724300
s1591	107109	107627	107109	38666348	29.04	376708
s1592	93603	94001	93603	33850085	30.85	667276
s1593	96301	84318	96301	34832986	36.41	1313648
s1594	75906	76154	75906	27352561	19.41	748736
s1595	132884	133713	132884	48107732	59.21	1905884
s1596	129681	130461	129681	46925983	50.29	1533396
s1597	90350	90756	90350	32679704	78.79	2287828
s1598	97509	97989	97509	35256745	47.36	1581648
s1599	179344	180547	179344	65035455	43.56	1456496
s1600	119393	119866	119393	43229508	33.69	834456
s1601	69743	69990	69743	25184580	23.49	680088
s1602	150724	151736	150724	54584682	45.85	1614364
s1603	106548	107090	106548	38525230	62.44	1494076
s1604	111063	111626	111063	40172194	31.86	1076132
s1605	123480	124125	123480	44650207	41.59	1210212
s1606	141395	142275	141395	51183472	27.49	724820
s1607	224059	226292	224059	81257471	40.25	1100788
s1608	86824	87163	86824	31343590	19.7	134240
s1609	174938	175985	174938	63364899	64.1	2332668
s1610	153064	153966	153064	55470595	33.31	755332
s1611	127380	128042	127380	46096854	38.01	1173920
s1612	104881	105352	104881	37956257	44.69	1675728
s1613	124185	124815	124185	44885449	33.02	952912
s1614	161062	162177	161062	58270862	44.3	1113388
s1615	126113	126751	126113	45658704	32.56	964464
s1616	56338	56535	56338	20296284	98.57	4541884
s1617	147291	148188	147291	53305151	66.41	2485408
s1618	85631	85981	85631	30824725	18.89	399492
s1619	99162	99565	99162	35862129	37.16	899104
s1620	159517	160409	159517	57761662	50.11	1603524
s1621	95014	95403	95014	34358935	35.82	1196896
s1622	219585	221432	219585	79602973	57.41	1933936
s1623	88831	89198	88831	32117230	31.62	1166364
s1624	95060	95418	95060	34371287	45.67	1501164
s1625	110903	111445	110903	40132243	50.41	1644276
s1626	204981	206640	204981	74190982	43.93	1298304
s1627	99916	100402	99916	36138573	98.88	2036960
s1628	111385	111859	111385	40332241	29.33	1601788
s1629	115093	115719	115093	41634591	39.24	1160868
s1630	102449	103052	102449	37072679	26.21	1088380
s1631	130731	131410	130731	47324969	48.25	1343656
s1632	94908	95383	94908	34310851	77.81	1814592
s1633	96219	96695	96219	34811910	33.84	964156
s1634	171809	173062	171809	62224164	62.45	1913572
s1635	166513	167576	166513	60306030	29.59	990720
s1636	98817	99236	98817	35736904	33.7	563524
s1637	93341	93698	93341	33719072	25.16	1247632
s1638	100264	100685	100264	36254017	31.66	1039968
s1639	134040	134811	134040	48486663	33.36	1182740
s1640	84633	84957	84633	30597430	38.25	1158672
s1641	99545	99992	99545	36007642	59.0	2204360
s1642	93410	93822	93410	33757103	50.04	1565092
s1643	97858	98228	97858	35364006	35.08	1190840
s1644	102886	103372	102886	37220098	24.49	514852
s1645	122749	123358	122749	44390885	49.44	1818064
s1646	176936	178041	176936	64127817	58.51	1704384
s1647	88999	89319	88999	32164481	43.19	1413624
s1648	96617	97038	96617	34976481	53.92	1705940
s1649	115199	115746	115199	41664535	28.39	823536
s1650	153403	154535	153403	55520218	31.52	886844
s1651	177114	178568	177114	64150452	43.65	1367768
s1652	510374	519010	510374	184836208	71.23	1177244
s1653	97851	98353	97851	35358334	65.13	1994076
s1654	121104	121900	121104	43776062	30.8	856572
s1655	116802	117374	116802	42332013	32.55	1175616
s1656	224053	225939	224053	81062599	51.2	1235064
s1657	180664	182126	180664	65427444	45.11	1490580
s1658	128890	129549	128890	46624033	25.68	719172
s1659	285976	289430	285976	103525809	46.29	1057432
s1660	88837	89183	88837	32102980	33.6	1080708
s1661	79833	80146	79833	28795384	34.21	924868
s1662	137697	138423	137697	49880305	35.41	948576
s1663	142539	143272	142539	51591109	58.81	1964780
s1664	200616	202204	200616	72554742	41.17	1171560
s1665	106220	106756	106220	38378241	30.57	675488
s1666	107586	108105	107586	38941728	36.98	796868
s1667	142093	142946	142093	51433310	56.69	1463884
s1668	101514	101946	101514	36724194	28.85	741720
s1669	115230	115848	115230	41667076	28.45	1062836
s1670	116713	117219	116713	42210716	35.0	1172328
s1671	161629	162721	161629	58539466	45.5	1398272
s1672	139880	140733	139880	50610186	33.86	1022660
s1673	124009	124643	124009	44849362	38.34	1257044
s1674	127455	128111	127455	46090436	30.39	643260
s1675	97905	98314	97905	35423114	38.94	1215752
s1676	98105	98487	98105	35459303	25.17	879572
s1677	95183	95524	95183	34403028	28.64	1014648
s1678	146172	147120	146172	52909340	44.37	1297076
s1679	91752	92148	91752	33172608	34.6	1105544
s1680	149231	150021	149231	54002479	36.49	923164
s1681	155569	156560	155569	56299239	35.56	1101964
s1682	240635	242828	240635	87093105	46.58	1805704
s1683	119610	120245	119610	43253934	117.75	2116180
s1684	155181	156154	155181	56159942	37.68	1282916
s1685	111326	111853	111326	40264031	38.46	1163936
s1686	144820	145770	144820	52338022	87.51	2758040
s1687	96747	92297	96747	34983387	28.42	650568
s1688	97894	98374	97894	35393834	79.82	2517424
s1689	135082	135815	135082	48933453	28.01	534412
s1690	139559	140272	139559	50480616	30.28	845036
s1691	146042	147018	146042	52866429	48.89	1374240
s1692	203124	204650	203124	73565910	35.46	624008
s1693	113758	114392	113758	41089102	38.84	1018284
s1694	112681	113230	112681	40766530	40.86	1434788
s1695	82022	82279	82022	29642379	26.73	821004
s1696	92769	93191	92769	33548487	40.42	1068708
s1697	106635	107159	106635	38543305	25.31	879280
s1698	96130	96587	96130	34729308	40.98	1204680
s1699	191897	193281	191897	69476218	41.7	1089240
s1700	126131	126819	126131	45636350	31.64	1104584
s1701	115192	115725	115192	41678417	44.81	1556512
s1702	106883	107374	106883	38664185	52.77	1514424
s1703	144013	144825	144013	52105024	40.73	1401808
s1704	117261	80832	117261	42463651	28.22	1864588
s1705	126355	126985	126355	45686668	39.94	1451344
s1706	117969	118604	117969	42616806	34.32	899268
s1707	130457	131114	130457	47258492	38.29	2052248
s1708	77527	77845	77527	27947742	27.81	895564
s1709	103949	104448	103949	37616287	41.64	1354964
s1710	93164	93587	93164	33707459	41.4	1179948
s1711	98216	98651	98216	35523405	27.23	2179568
s1712	169742	171009	169742	61495664	41.78	1146984
s1713	110069	110480	110069	39820413	39.21	1302340
s1714	127494	128196	127494	46111830	32.96	843712
s1715	118913	119506	118913	43010392	60.1	1913852
s1716	99454	99974	99454	35951875	27.79	1841372
s1717	93469	93833	93469	33790167	51.49	1714348
s1718	117583	118165	117583	42541877	31.58	747144
s1719	129914	130700	129914	46906557	19.93	530720
s1720	118160	118820	118160	42705386	28.14	1129472
s1721	94121	94544	94121	34067008	32.67	1729656
s1722	150602	151568	150602	54470494	31.21	1138976
s1723	104299	104733	104299	37743251	33.29	1231924
s1724	139441	140265	139441	50464903	79.37	2100892
s1725	75745	76005	75745	27380149	76.71	1372872
s1726	92241	92571	92241	33370446	32.22	1184772
s1727	257869	260278	257869	93357686	52.26	1457152
s1728	121973	120246	121973	44110083	31.27	806616
s1729	120742	121282	120742	43693318	32.49	804168
s1730	106452	106942	106452	38504399	86.02	2948332
s1731	104761	105214	104761	37867856	27.14	1126160
s1732	278898	282111	278898	100845362	28.25	923064
s1733	178685	179880	178685	64640204	44.57	1025192
s1734	83238	83564	83238	30097450	58.11	1803300
s1735	92176	92608	92176	33072565	22.15	144216
s1736	90384	90786	90384	32437876	24.04	145556
s1737	71653	71911	71653	25694090	22.77	137168
s1738	48083	45721	48083	17253072	10.27	94448
s1739	106911	96556	106911	38425510	27.74	158308
s1740	32778	32909	32778	11784798	5.3	84268
s1741	92205	92595	92205	33111222	22.2	153992
s1742	85232	85567	85232	30596476	21.22	144292
s1743	56712	56919	56712	20364797	8.02	99220
s1744	62724	63001	62724	22517936	12.3	114872
s1745	81100	81442	81100	29106802	19.33	137644
s1746	23356	20178	23356	8387290	4.08	73648
s1747	208441	209794	208441	75318979	24.49	172556
s1748	193528	194767	193528	69910743	27.96	165564
s1749	146935	147734	146935	53038321	23.42	148196
s1750	153627	154553	153627	55471270	16.89	155396
s1751	59293	59700	59293	21374106	41.0	128956
s1752	120634	121323	120634	43528659	19.57	142484
s1753	244828	246629	244828	88459429	47.49	168112
s1754	257301	259181	257301	92962671	30.56	176628
s1755	245322	247109	245322	88643877	22.35	190896
s1756	315541	273954	315541	114441855	19.97	207992
s1757	341179	346644	341179	123759479	23.55	227160
s1758	329020	334063	329020	119337892	53.25	191316
s1759	332920	337725	332920	120710650	23.37	194996
s1760	344954	350101	344954	125146594	24.64	197296
s1761	311896	316341	311896	113104152	30.54	198364
s1762	360733	343120	360733	130890701	26.28	222804
s1763	346065	351049	346065	125425747	30.43	207764
s1764	321711	326260	321711	116594381	23.55	215248
s1765	343749	348677	343749	124630931	29.36	237964
s1766	300180	304704	300180	108808094	21.97	206448
s1767	101499	103098	101499	36853962	4.65	98192
s1768	301193	291584	301193	109300649	12.99	186836
s1769	201974	203363	201974	73031131	14.18	164476
s1770	258788	260712	258788	93525690	20.29	176496
s1771	242263	243962	242263	87545990	70.23	201896
s1772	292308	294451	292308	105666593	19.92	200332
s1773	124900	125872	124900	45166409	9.08	104328
s1774	233027	234749	233027	84197128	18.92	156628
s1775	291130	293439	291130	105222252	50.13	219516
s1776	251464	253264	251464	90880430	24.41	179120
s1777	25714	25906	25714	9287508	1.52	56576
s1778	80800	81388	80800	29227643	4.44	89196
s1779	152927	153905	152927	55178683	13.97	132164
s1780	137955	138729	137955	49740930	17.59	137704
s1781	46583	46860	46583	16827257	3.41	74472
s1782	109428	109971	109428	39465661	15.18	115952
s1783	148122	148966	148122	53470842	19.1	140312
s1784	56573	56782	56573	20279949	20.41	121272
s1785	74389	74647	74389	26683529	23.58	136264
s1786	71920	72154	71920	25802565	19.09	131440
s1787	65172	65438	65172	23385069	16.97	116840
s1788	69520	69808	69520	24936457	21.81	146012
s1789	84063	72474	84063	30168094	22.25	143972
s1790	75252	75533	75252	26997411	27.05	140564
s1791	53631	51177	53631	19222651	13.33	109836
s1792	67602	67871	67602	24273683	15.97	119912
s1793	37703	37844	37703	13517906	26.5	87776
s1794	69609	69887	69609	24972295	22.14	127108
s1795	85288	85619	85288	30617473	23.85	144000
s1796	37410	37527	37410	13435095	8.95	89036
s1797	68588	68857	68588	24608805	41.58	128396
s1798	249224	251066	249224	90064226	23.74	184112
s1799	243710	245441	243710	88068722	48.1	176904
s1800	17363	17431	17363	6249813	1.66	53504
s1801	27943	28163	27943	10093085	1.16	56188
s1802	44163	44470	44163	15957826	3.45	65068
s1803	254410	240481	254410	91933519	24.47	183212
s1804	229074	191213	229074	82804718	17.26	175908
s1805	243103	244902	243103	87846293	27.98	176108
s1806	165461	166664	165461	59801588	12.02	138356
s1807	252966	255435	252966	91415095	20.47	196004
s1808	223878	178552	223878	80885860	24.03	176220
s1809	246276	247980	246276	89014581	49.43	206940
s1810	231189	232993	231189	83558114	29.16	189764
s1811	241537	243349	241537	87298200	21.15	172952
s1812	18517	18605	18517	6685322	1.83	52672
s1813	131853	132604	131853	47578994	18.2	141424
s1814	133408	134275	133408	48105184	18.24	127064
s1815	174964	175865	174964	63272634	19.53	153416
s1816	138333	139043	138333	49939612	16.39	143432
s1817	28059	28261	28059	10150837	1.53	56992
s1818	23867	23957	23867	8570199	4.47	71840
s1819	56926	57164	56926	20438043	9.6	99960
s1820	77492	77770	77492	27808523	23.0	138308
s1821	71912	72175	71912	25807611	14.97	127568
s1822	73938	74219	73938	26540441	24.56	142932
s1823	56545	56740	56545	20277753	21.14	118632
s1824	289055	292467	289055	104520144	26.09	204776
s1825	342924	348315	342924	124403744	24.73	196404
s1826	311354	315846	311354	112930873	24.27	215780
s1827	292158	295833	292158	105932369	64.11	182672
s1828	334728	339891	334728	121427074	30.22	211080
s1829	339094	344080	339094	122993084	24.96	205588
s1830	333126	337130	333126	120800262	29.31	207060
s1831	376789	381604	376789	136644531	21.25	229484
s1832	143345	145147	143345	52019239	6.46	113644
s1833	359222	363901	359222	130282699	28.61	212184
s1834	349554	353997	349554	126742800	22.66	225368
s1835	323390	327274	323390	117226615	29.35	207992
s1836	253609	255437	253609	91672329	26.05	203332
s1837	250930	240026	250930	90686856	18.04	166328
s1838	267313	269286	267313	96616559	60.07	202780
s1839	258651	260535	258651	93484963	24.87	186452
s1840	210290	164041	210290	75970197	19.47	169744
s1841	169300	170272	169300	61159046	46.61	161288
s1842	241752	243457	241752	87386055	18.05	173956
s1843	260552	262637	260552	94156669	21.33	190692
s1844	210307	211795	210307	75985379	28.25	192284
s1845	173790	174875	173790	62764301	41.94	167688
s1846	224499	215048	224499	81121017	17.62	181324
s1847	204337	205684	204337	73844513	31.78	165220
s1848	191297	186022	191297	69084105	46.95	154708
s1849	191761	192897	191761	69263251	22.57	173640
s1850	114277	115041	114277	41312925	10.27	111096
s1851	233058	234767	233058	84204448	21.32	195772
s1852	222675	224319	222675	80468950	19.23	170680
s1853	217230	218729	217230	78489691	17.59	176728
s1854	204639	206003	204639	73916917	19.99	154180
s1855	1048572	1275507	1048572	381678996	86.69	484316
s1856	1060342	1302938	1060342	386304873	93.5	539048
s1857	1146129	1392561	1146129	417278039	127.63	630340
s1858	1173194	1434411	1173194	427146983	145.75	503900
s1859	1082798	1321403	1082798	394093969	111.94	561840
s1860	1391836	1703146	1391836	507062951	310.64	557524
s1861	1161409	1413275	1161409	422867043	113.24	506892
s1862	1387454	1695204	1387454	505405868	130.09	622840
s1863	1621367	1997167	1621367	590610381	137.26	775408
s1864	1744524	2158978	1744524	635717640	196.57	645040
s1865	1165747	1419274	1165747	424113792	93.43	577288
s1866	1068393	1286189	1068393	389139777	98.4	525972
s1867	1336243	1628396	1336243	486501839	129.91	705668
s1868	1151347	1265975	1151347	419526766	108.37	608836
s1869	1250447	1540129	1250447	455675528	131.45	664936
s1870	1040754	1269781	1040754	378954081	79.89	526872
s1871	917587	1128822	917587	334548551	104.08	514952
s1872	1158925	1438456	1158925	422010717	100.88	622956
s1873	876088	1071505	876088	318933950	86.55	460128
s1874	694107	840631	694107	253066485	101.69	443164
s1875	1407387	1689762	1407387	512469815	144.75	670392
s1876	361271	424068	361271	131798864	60.61	296672
s1877	1106255	1394953	1106255	403050457	106.62	563236
s1878	311094	372018	311094	113581447	49.53	253960
s1879	874353	1095936	874353	318183761	108.55	511396
s1880	699530	759052	699530	254831565	63.95	382740
s1881	1461268	1828878	1461268	531668099	110.29	702632
s1882	682252	815757	682252	247788137	76.92	396568
s1883	2095341	2637541	2095341	762918283	177.97	942828
s1884	1816481	2278948	1816481	661775508	164.68	764008
s1885	1722069	2168075	1722069	627506026	160.47	891596
s1886	1859677	2326019	1859677	677173253	147.02	797768
s1887	1879543	2373907	1879543	684618918	148.95	735704
s1888	1963201	2455225	1963201	715083283	140.74	759720
s1889	1428409	1742705	1428409	519738854	113.46	675768
s1890	1947325	2406202	1947325	709356104	375.36	884048
s1891	1345710	1588953	1345710	490104203	119.66	651032
s1892	2038883	2524768	2038883	742832470	381.86	943560
s1893	1396162	1731140	1396162	508821756	178.11	643684
s1894	1296367	1599674	1296367	471832665	102.12	657112
s1895	1754078	2162312	1754078	639547334	151.53	880140
s1896	420057	493950	420057	152609923	46.9	309120
s1897	2075500	2615496	2075500	756967830	191.24	929396
s1898	2091360	2619940	2091360	762766555	167.02	742664
s1899	1914732	2416837	1914732	698059108	140.51	787500
s1900	1825253	2268299	1825253	665946799	141.23	863060
s1901	281906	319073	281906	102377784	36.2	249880
s1902	1898112	2345650	1898112	692525940	163.58	769884
s1903	1683295	2117748	1683295	614241768	159.88	790976
s1904	877097	1094802	877097	320012635	75.11	478896
s1905	1616979	1991875	1616979	590985147	166.85	884668
s1906	874975	1094400	874975	320057833	85.35	624340
s1907	269615	309881	269615	97876690	47.07	291340
s1908	1767794	2170471	1767794	645874710	173.32	691956
s1909	1481055	1826688	1481055	541150508	145.19	651740
s1910	1706717	2083937	1706717	623384086	152.95	679116
s1911	1423269	1765227	1423269	518809669	112.93	709512
s1912	1568736	1927713	1568736	572080719	142.23	708212
s1913	1967560	2468325	1967560	717775440	157.0	910432
s1914	1498088	1899718	1498088	545731369	156.86	723072
s1915	1271607	1592683	1271607	464424618	115.35	694768
s1916	1736732	2176530	1736732	634280066	157.68	747312
s1917	1635304	2030324	1635304	596874170	125.94	829480
s1918	1742957	2154564	1742957	636111740	197.85	671944
s1919	1567290	1958233	1567290	572298712	158.79	797940
s1920	1450189	1786220	1450189	527637281	118.24	716440
s1921	1548158	1909068	1548158	565151998	147.25	810456
s1922	1572122	1944557	1572122	573922715	205.85	762372
s1923	1365061	1702570	1365061	498430574	192.69	725724
s1924	1978241	2473717	1978241	722322054	153.23	915040
s1925	1449311	1780720	1449311	529112958	139.7	624288
s1926	1758544	2205649	1758544	639815508	148.47	688432
s1927	1251324	1510553	1251324	454702335	89.06	603536
s1928	753289	889357	753289	273879719	78.07	374160
s1929	1130930	1367662	1130930	411753407	164.22	546828
s1930	910719	1114076	910719	331654770	89.93	479600
s1931	917923	1130503	917923	334427121	85.98	448436
s1932	482932	585544	482932	176184692	57.1	414652
s1933	458217	529654	458217	166885880	51.38	342116
s1934	888232	1094869	888232	323906253	102.43	513248
s1935	878843	1028078	878843	320351836	81.36	454324
s1936	1286690	1635384	1286690	468982376	139.85	718572
s1937	991587	1218092	991587	361744158	91.45	526928
s1938	716675	858503	716675	261090398	163.14	381588
s1939	509369	615506	509369	185646059	70.98	346848
s1940	876617	1066124	876617	319681472	99.03	494616
s1941	611343	726360	611343	222891318	152.84	343020
s1942	967538	1200673	967538	353058463	121.82	526108
s1943	796516	955468	796516	290526920	232.19	389812
s1944	844266	1034795	844266	308067482	115.92	464260
s1945	1031968	1264674	1031968	376414685	104.39	493368
s1946	298476	346741	298476	108813280	50.82	282092
s1947	479920	563634	479920	174812462	70.47	364648
s1948	1120176	1393945	1120176	408907142	140.64	549660
s1949	421756	498259	421756	153206881	52.57	280444
s1950	707981	850315	707981	258332049	86.8	448376
s1951	730054	876261	730054	266368455	80.84	410636
s1952	887981	1085322	887981	323820569	154.55	381252
s1953	296379	321184	296379	108041610	63.05	314532
s1954	961556	1183840	961556	350813076	111.63	559732
